mes,produto,credit_type,rating,qtd,volume_mm,pct_total,prazo_medio,ticket_medio
2024-01-31,EXPRESS_MLB_1,DINERO_EXPRESS,A,6748,37.463,0.1722,1.0,5552
2024-01-31,EXPRESS_POINT_MLB_1,DINERO_EXPRESS,B,16316,26.812,0.12324,1.0,1643
2024-01-31,EXPRESS_POINT_MLB_1,DINERO_EXPRESS,A,11613,19.524,0.08974,1.0,1681
2024-01-31,MER_MLB_1,MERCHANT,B,178,15.582,0.07162,15.22,87541
2024-01-31,MER_MLB_MA,MERCHANT,G,11777,14.405,0.06621,5.85,1223
2024-01-31,EXPRESS_MLB_1,DINERO_EXPRESS,B,5609,14.134,0.06497,1.0,2520
2024-01-31,MER_MLB_MA,MERCHANT,E,5124,8.575,0.03941,6.02,1673
2024-01-31,MER_MLB_MA,MERCHANT,H,8630,8.519,0.03915,5.82,987
2024-01-31,EXPRESS_POINT_MLB_1,DINERO_EXPRESS,C,5866,7.92,0.0364,1.0,1350
2024-01-31,MLB_EO_ONLINE,MERCHANT,B,3891,7.182,0.03301,5.87,1846
2024-01-31,EXPRESS_POINT_MLB_1,DINERO_EXPRESS,D,5135,6.012,0.02764,1.0,1171
2024-01-31,POINT_MLB_1,MERCHANT,B,3916,5.728,0.02633,5.93,1463
2024-01-31,MLB_EO_ONLINE,MERCHANT,G,3674,5.306,0.02439,5.65,1444
2024-01-31,EXPRESS_POINT_MLB_1,DINERO_EXPRESS,E,3913,4.352,0.02,1.0,1112
2024-01-31,MLB_EO_ONLINE,MERCHANT,E,2272,4.341,0.01996,5.77,1911
2024-01-31,EXPRESS_POINT_MLB_1,DINERO_EXPRESS,F,4419,4.302,0.01977,1.0,973
2024-01-31,EXPRESS_MLB_1,DINERO_EXPRESS,C,1870,3.966,0.01823,1.0,2121
2024-01-31,EXPRESS_MLB_1,DINERO_EXPRESS,D,1577,3.255,0.01496,1.0,2064
2024-01-31,EXPRESS_POINT_MLB_1,DINERO_EXPRESS,G,2713,2.47,0.01135,1.0,910
2024-01-31,EXPRESS_MLB_1,DINERO_EXPRESS,F,1495,2.391,0.01099,1.0,1600
2024-01-31,MLB_EO_ONLINE,MERCHANT,F,1381,2.365,0.01087,5.65,1712
2024-01-31,EXPRESS_MLB_1,DINERO_EXPRESS,E,1238,1.973,0.00907,1.0,1594
2024-01-31,MER_MLB_1,MERCHANT,E,79,1.897,0.00872,8.82,24008
2024-01-31,MER_MLB_1,MERCHANT,H,963,1.62,0.00745,9.18,1682
2024-01-31,MER_MLB_1,MERCHANT,G,135,1.41,0.00648,8.19,10443
2024-01-31,MLB_EO_ONLINE,MERCHANT,H,1496,1.391,0.0064,5.73,930
2024-01-31,EXPRESS_MLB_1,DINERO_EXPRESS,G,982,1.343,0.00617,1.0,1367
2024-01-31,POINT_MLB_STD,MERCHANT,B,332,1.311,0.00602,12.83,3947
2024-01-31,MER_MLB_MA,MERCHANT,B,679,1.258,0.00578,6.1,1852
2024-01-31,EXPRESS_POINT_MLB_1,DINERO_EXPRESS,Z,183,0.29,0.00133,1.0,1584
2024-01-31,EXPRESS_POINT_MLB_1,DINERO_EXPRESS,H,172,0.178,0.00082,1.0,1038
2024-01-31,EXPRESS_MLB_1,DINERO_EXPRESS,Z,53,0.104,0.00048,1.0,1960
2024-01-31,EXPRESS_MLB_1,DINERO_EXPRESS,H,60,0.09,0.00041,1.0,1495
2024-01-31,BABY_EXPRESS_POINT_MLB_1,DINERO_EXPRESS,B,93,0.046,0.00021,1.0,494
2024-01-31,BABY_EXPRESS_POINT_MLB_1,DINERO_EXPRESS,C,27,0.011,0.00005,1.0,424
2024-01-31,BABY_EXPRESS_POINT_MLB_1,DINERO_EXPRESS,F,18,0.009,0.00004,1.0,504
2024-01-31,BABY_EXPRESS_POINT_MLB_1,DINERO_EXPRESS,E,16,0.007,0.00003,1.0,438
2024-01-31,BABY_EXPRESS_POINT_MLB_1,DINERO_EXPRESS,D,15,0.007,0.00003,1.0,442
2024-01-31,BABY_EXPRESS_POINT_MLB_1,DINERO_EXPRESS,A,13,0.006,0.00003,1.0,497
2024-01-31,BABY_EXPRESS_POINT_MLB_1,DINERO_EXPRESS,G,9,0.004,0.00002,1.0,456
2024-01-31,BABY_EXPRESS_POINT_MLB_1,DINERO_EXPRESS,H,1,0,0,1.0,400
2024-01-31,BABY_EXPRESS_POINT_MLB_1,DINERO_EXPRESS,Z,1,0,0,1.0,325
2024-02-29,EXPRESS_MLB_1,DINERO_EXPRESS,A,9596,45.716,0.17548,1.0,4764
2024-02-29,EXPRESS_POINT_MLB_1,DINERO_EXPRESS,B,17907,30.084,0.11547,1.0,1680
2024-02-29,EXPRESS_POINT_MLB_1,DINERO_EXPRESS,A,13864,23.273,0.08933,1.0,1679
2024-02-29,MER_MLB_MA,MERCHANT,G,16858,19.761,0.07585,6.24,1172
2024-02-29,EXPRESS_MLB_1,DINERO_EXPRESS,B,7550,18.905,0.07257,1.0,2504
2024-02-29,MER_MLB_MA,MERCHANT,H,12713,13.064,0.05014,6.05,1028
2024-02-29,MER_MLB_MA,MERCHANT,E,7019,10.657,0.0409,6.41,1518
2024-02-29,MLB_EO_ONLINE,MERCHANT,B,2634,10.342,0.0397,6.44,3926
2024-02-29,EXPRESS_POINT_MLB_1,DINERO_EXPRESS,C,6492,9.457,0.0363,1.0,1457
2024-02-29,EXPRESS_POINT_MLB_1,DINERO_EXPRESS,D,5799,7.584,0.02911,1.0,1308
2024-02-29,MLB_EO_ONLINE,MERCHANT,E,1674,6.253,0.024,6.02,3736
2024-02-29,MLB_EO_ONLINE,MERCHANT,G,2985,5.447,0.02091,5.63,1825
2024-02-29,MER_MLB_MA,MERCHANT,F,4041,5.424,0.02082,6.56,1342
2024-02-29,EXPRESS_POINT_MLB_1,DINERO_EXPRESS,E,4413,5.376,0.02064,1.0,1218
2024-02-29,EXPRESS_MLB_1,DINERO_EXPRESS,C,2343,5.346,0.02052,1.0,2282
2024-02-29,MER_MLB_MA,MERCHANT,B,2805,4.954,0.01901,6.65,1766
2024-02-29,EXPRESS_POINT_MLB_1,DINERO_EXPRESS,F,4468,4.66,0.01789,1.0,1043
2024-02-29,EXPRESS_MLB_1,DINERO_EXPRESS,D,2048,4.18,0.01604,1.0,2041
2024-02-29,MER_MLB_1,MERCHANT,G,808,2.869,0.01101,8.0,3550
2024-02-29,MLB_EO_ONLINE,MERCHANT,F,1086,2.857,0.01097,5.76,2631
2024-02-29,EXPRESS_MLB_1,DINERO_EXPRESS,F,1717,2.747,0.01055,1.0,1600
2024-02-29,POINT_MLB_1,MERCHANT,B,1669,2.741,0.01052,6.4,1642
2024-02-29,MER_MLB_1,MERCHANT,E,261,2.686,0.01031,9.55,10290
2024-02-29,EXPRESS_MLB_1,DINERO_EXPRESS,E,1668,2.682,0.0103,1.0,1608
2024-02-29,EXPRESS_POINT_MLB_1,DINERO_EXPRESS,G,2629,2.663,0.01022,1.0,1013
2024-02-29,MER_MLB_1,MERCHANT,B,141,2.464,0.00946,14.87,17475
2024-02-29,MER_MLB_1,MERCHANT,D,45,2.442,0.00937,6.33,54270
2024-02-29,EXPRESS_MLB_1,DINERO_EXPRESS,G,1047,1.25,0.0048,1.0,1194
2024-02-29,MLB_EO_ONLINE,MERCHANT,H,1072,1.117,0.00429,5.64,1042
2024-02-29,MER_MLB_1,MERCHANT,H,387,0.959,0.00368,8.4,2477
2024-02-29,EXPRESS_POINT_MLB_1,DINERO_EXPRESS,Z,334,0.616,0.00237,1.0,1845
2024-02-29,POINT_MLB_STD,MERCHANT,B,146,0.547,0.0021,11.3,3749
2024-02-29,EXPRESS_MLB_1,DINERO_EXPRESS,Z,116,0.493,0.00189,1.0,4247
2024-02-29,MER_MLB_1,MERCHANT,F,10,0.322,0.00124,6.9,32200
2024-02-29,EXPRESS_MLB_1,DINERO_EXPRESS,H,83,0.258,0.00099,1.0,3113
2024-02-29,EXPRESS_POINT_MLB_1,DINERO_EXPRESS,H,228,0.258,0.00099,1.0,1132
2024-02-29,BABY_EXPRESS_POINT_MLB_1,DINERO_EXPRESS,B,56,0.026,0.0001,1.0,471
2024-02-29,BABY_EXPRESS_POINT_MLB_1,DINERO_EXPRESS,F,22,0.01,0.00004,1.0,470
2024-02-29,BABY_EXPRESS_POINT_MLB_1,DINERO_EXPRESS,D,19,0.009,0.00003,1.0,457
2024-02-29,BABY_EXPRESS_POINT_MLB_1,DINERO_EXPRESS,E,15,0.006,0.00002,1.0,425
2024-02-29,BABY_EXPRESS_POINT_MLB_1,DINERO_EXPRESS,C,16,0.006,0.00002,1.0,386
2024-02-29,BABY_EXPRESS_POINT_MLB_1,DINERO_EXPRESS,G,12,0.005,0.00002,1.0,423
2024-02-29,BABY_EXPRESS_POINT_MLB_1,DINERO_EXPRESS,A,11,0.005,0.00002,1.0,452
2024-03-31,EXPRESS_MLB_1,DINERO_EXPRESS,A,7722,36.648,0.17814,1.0,4746
2024-03-31,EXPRESS_POINT_MLB_1,DINERO_EXPRESS,B,14244,23.188,0.11271,1.0,1628
2024-03-31,EXPRESS_POINT_MLB_1,DINERO_EXPRESS,A,11022,18.127,0.08812,1.0,1645
2024-03-31,MER_MLB_MA,MERCHANT,G,15424,17.315,0.08417,6.63,1123
2024-03-31,EXPRESS_MLB_1,DINERO_EXPRESS,B,6018,14.539,0.07067,1.0,2416
2024-03-31,MER_MLB_MA,MERCHANT,E,6609,10.652,0.05178,6.72,1612
2024-03-31,MER_MLB_MA,MERCHANT,H,10513,10.024,0.04872,6.27,953
2024-03-31,EXPRESS_POINT_MLB_1,DINERO_EXPRESS,C,5424,7.597,0.03693,1.0,1401
2024-03-31,EXPRESS_POINT_MLB_1,DINERO_EXPRESS,D,4736,6.221,0.03024,1.0,1313
2024-03-31,MLB_EO_ONLINE,MERCHANT,B,1852,5.445,0.02647,9.23,2940
2024-03-31,EXPRESS_POINT_MLB_1,DINERO_EXPRESS,E,3729,4.474,0.02175,1.0,1200
2024-03-31,MER_MLB_1,MERCHANT,B,130,4.382,0.0213,14.62,33711
2024-03-31,EXPRESS_MLB_1,DINERO_EXPRESS,C,2003,4.073,0.0198,1.0,2033
2024-03-31,MER_MLB_MA,MERCHANT,B,2130,4.029,0.01958,6.48,1891
2024-03-31,MLB_EO_ONLINE,MERCHANT,G,2383,3.915,0.01903,6.13,1643
2024-03-31,POINT_MLB_1,MERCHANT,B,2267,3.914,0.01903,9.28,1726
2024-03-31,EXPRESS_POINT_MLB_1,DINERO_EXPRESS,F,3613,3.865,0.01879,1.0,1070
2024-03-31,EXPRESS_MLB_1,DINERO_EXPRESS,D,1759,3.463,0.01683,1.0,1969
2024-03-31,MLB_EO_ONLINE,MERCHANT,E,1240,3.333,0.0162,8.07,2688
2024-03-31,MER_MLB_1,MERCHANT,G,798,2.476,0.01204,8.89,3103
2024-03-31,EXPRESS_MLB_1,DINERO_EXPRESS,E,1382,2.458,0.01195,1.0,1778
2024-03-31,MER_MLB_MA,MERCHANT,F,1804,2.299,0.01117,6.06,1274
2024-03-31,EXPRESS_MLB_1,DINERO_EXPRESS,F,1310,2.037,0.0099,1.0,1555
2024-03-31,EXPRESS_POINT_MLB_1,DINERO_EXPRESS,G,2047,1.952,0.00949,1.0,954
2024-03-31,MLB_EO_ONLINE,MERCHANT,F,834,1.672,0.00813,6.54,2005
2024-03-31,MER_MLB_1,MERCHANT,E,243,1.639,0.00797,9.79,6744
2024-03-31,EXPRESS_MLB_1,DINERO_EXPRESS,G,855,1.12,0.00544,1.0,1310
2024-03-31,MER_MLB_1,MERCHANT,D,27,1.086,0.00528,7.67,40222
2024-03-31,MLB_EO_ONLINE,MERCHANT,H,1026,0.964,0.00468,5.71,939
2024-03-31,MER_MLB_1,MERCHANT,H,320,0.896,0.00435,9.4,2799
2024-03-31,POINT_MLB_STD,MERCHANT,B,188,0.627,0.00305,11.95,3338
2024-03-31,EXPRESS_POINT_MLB_1,DINERO_EXPRESS,Z,229,0.328,0.0016,1.0,1434
2024-03-31,EXPRESS_POINT_MLB_1,DINERO_EXPRESS,H,225,0.301,0.00146,1.0,1336
2024-03-31,EXPRESS_MLB_1,DINERO_EXPRESS,Z,91,0.256,0.00125,1.0,2818
2024-03-31,EXPRESS_MLB_1,DINERO_EXPRESS,H,90,0.237,0.00115,1.0,2628
2024-03-31,MER_MLB_1,MERCHANT,F,4,0.09,0.00044,6.5,22375
2024-03-31,BABY_EXPRESS_POINT_MLB_1,DINERO_EXPRESS,B,71,0.033,0.00016,1.0,458
2024-03-31,BABY_EXPRESS_POINT_MLB_1,DINERO_EXPRESS,D,30,0.013,0.00006,1.0,422
2024-03-31,BABY_EXPRESS_POINT_MLB_1,DINERO_EXPRESS,C,27,0.012,0.00006,1.0,454
2024-03-31,BABY_EXPRESS_POINT_MLB_1,DINERO_EXPRESS,F,24,0.009,0.00004,1.0,381
2024-03-31,BABY_EXPRESS_POINT_MLB_1,DINERO_EXPRESS,E,20,0.008,0.00004,1.0,419
2024-03-31,BABY_EXPRESS_POINT_MLB_1,DINERO_EXPRESS,G,12,0.005,0.00002,1.0,417
2024-03-31,BABY_EXPRESS_POINT_MLB_1,DINERO_EXPRESS,A,10,0.004,0.00002,1.0,436
2024-03-31,BABY_EXPRESS_POINT_MLB_1,DINERO_EXPRESS,Z,4,0.001,0,1.0,245
2024-04-30,EXPRESS_MLB_1,DINERO_EXPRESS,A,5869,28.296,0.15269,1.0,4821
2024-04-30,MER_MLB_MA,MERCHANT,G,15033,16.559,0.08935,6.67,1101
2024-04-30,EXPRESS_POINT_MLB_1,DINERO_EXPRESS,B,9322,14.786,0.07979,1.0,1586
2024-04-30,EXPRESS_POINT_MLB_1,DINERO_EXPRESS,A,7582,12.154,0.06558,1.0,1603
2024-04-30,MER_MLB_MA,MERCHANT,E,6785,10.714,0.05782,6.93,1579
2024-04-30,MLB_EO_ONLINE,MERCHANT,G,6930,10.485,0.05658,6.14,1513
2024-04-30,EXPRESS_MLB_1,DINERO_EXPRESS,B,4212,10.429,0.05628,1.0,2476
2024-04-30,MER_MLB_MA,MERCHANT,H,9584,9.378,0.05061,6.44,978
2024-04-30,EXPRESS_POINT_MLB_1,DINERO_EXPRESS,C,3654,5.182,0.02797,1.0,1418
2024-04-30,MER_MLB_1,MERCHANT,E,500,4.943,0.02667,9.63,9885
2024-04-30,MLB_EO_ONLINE,MERCHANT,F,2909,4.723,0.02549,6.81,1624
2024-04-30,EXPRESS_POINT_MLB_1,DINERO_EXPRESS,D,3380,4.526,0.02443,1.0,1339
2024-04-30,MLB_EO_ONLINE,MERCHANT,B,2442,4.064,0.02193,8.42,1664
2024-04-30,MLB_EO_ONLINE,MERCHANT,H,3064,4.028,0.02174,5.85,1315
2024-04-30,MER_MLB_1,MERCHANT,G,1378,3.786,0.02043,8.7,2748
2024-04-30,POINT_MLB_1,MERCHANT,B,2362,3.747,0.02022,8.86,1586
2024-04-30,MER_MLB_MA,MERCHANT,B,1896,3.66,0.01975,6.88,1930
2024-04-30,EXPRESS_POINT_MLB_1,DINERO_EXPRESS,E,2836,3.558,0.0192,1.0,1255
2024-04-30,MER_MLB_MA,MERCHANT,F,2223,3.309,0.01786,6.73,1488
2024-04-30,EXPRESS_MLB_1,DINERO_EXPRESS,C,1434,3.306,0.01784,1.0,2306
2024-04-30,EXPRESS_POINT_MLB_1,DINERO_EXPRESS,F,2816,3.093,0.01669,1.0,1098
2024-04-30,MLB_EO_ONLINE,MERCHANT,D,2030,2.849,0.01538,8.65,1404
2024-04-30,EXPRESS_MLB_1,DINERO_EXPRESS,D,1392,2.704,0.01459,1.0,1942
2024-04-30,MER_MLB_1,MERCHANT,B,208,2.463,0.01329,13.92,11841
2024-04-30,EXPRESS_MLB_1,DINERO_EXPRESS,E,1122,2.277,0.01229,1.0,2029
2024-04-30,EXPRESS_MLB_1,DINERO_EXPRESS,F,1090,1.933,0.01043,1.0,1773
2024-04-30,EXPRESS_POINT_MLB_1,DINERO_EXPRESS,G,1503,1.568,0.00846,1.0,1043
2024-04-30,MLB_EO_ONLINE,MERCHANT,E,725,1.335,0.00721,6.78,1842
2024-04-30,MER_MLB_1,MERCHANT,D,29,1.254,0.00677,7.55,43234
2024-04-30,MER_MLB_1,MERCHANT,H,515,1.033,0.00557,8.52,2006
2024-04-30,EXPRESS_MLB_1,DINERO_EXPRESS,G,715,0.951,0.00513,1.0,1331
2024-04-30,POINT_MLB_STD,MERCHANT,B,180,0.602,0.00325,11.09,3342
2024-04-30,MER_MLB_1,MERCHANT,F,15,0.598,0.00322,10.13,39833
2024-04-30,EXPRESS_POINT_MLB_1,DINERO_EXPRESS,Z,240,0.334,0.0018,1.0,1392
2024-04-30,EXPRESS_POINT_MLB_1,DINERO_EXPRESS,H,202,0.3,0.00162,1.0,1485
2024-04-30,EXPRESS_MLB_1,DINERO_EXPRESS,Z,101,0.196,0.00106,1.0,1939
2024-04-30,EXPRESS_MLB_1,DINERO_EXPRESS,H,86,0.191,0.00103,1.0,2223
2024-04-30,BABY_EXPRESS_POINT_MLB_1,DINERO_EXPRESS,Z,1,0,0,1.0,50
2024-05-31,EXPRESS_MLB_1,DINERO_EXPRESS,A,4942,24.437,0.14901,1.0,4945
2024-05-31,EXPRESS_POINT_MLB_1,DINERO_EXPRESS,B,8358,13.098,0.07987,1.0,1567
2024-05-31,EXPRESS_POINT_MLB_1,DINERO_EXPRESS,A,6319,10.095,0.06155,1.0,1597
2024-05-31,POINT_MLB_1,MERCHANT,G,6130,9.43,0.0575,5.94,1538
2024-05-31,EXPRESS_MLB_1,DINERO_EXPRESS,B,3888,9.101,0.05549,1.0,2341
2024-05-31,MLB_EO_ONLINE,MERCHANT,G,3944,7.027,0.04285,6.16,1782
2024-05-31,MER_MLB_MA,MERCHANT,G,4900,6.637,0.04047,6.72,1355
2024-05-31,POINT_MLB_STD,MERCHANT,G,1925,5.114,0.03118,7.28,2656
2024-05-31,MER_MLB_MA,MERCHANT,F,2832,5.096,0.03107,6.94,1799
2024-05-31,POINT_MLB_1,MERCHANT,H,3342,4.896,0.02985,5.7,1465
2024-05-31,EXPRESS_POINT_MLB_1,DINERO_EXPRESS,C,3211,4.595,0.02802,1.0,1431
2024-05-31,EXPRESS_POINT_MLB_1,DINERO_EXPRESS,F,3628,3.67,0.02238,1.0,1012
2024-05-31,MER_MLB_MA,MERCHANT,H,2859,3.467,0.02114,6.51,1213
2024-05-31,MER_MLB_1,MERCHANT,G,1067,3.369,0.02054,7.92,3158
2024-05-31,EXPRESS_POINT_MLB_1,DINERO_EXPRESS,D,2318,3.247,0.0198,1.0,1401
2024-05-31,EXPRESS_POINT_MLB_1,DINERO_EXPRESS,E,2539,3.122,0.01904,1.0,1230
2024-05-31,MLB_EO_ONLINE,MERCHANT,F,1746,3.103,0.01892,6.79,1777
2024-05-31,POINT_MLB_1,MERCHANT,F,1488,3.099,0.0189,6.7,2083
2024-05-31,EXPRESS_MA_MLB,DINERO_EXPRESS,F,5125,2.963,0.01807,1.0,578
2024-05-31,MER_MLB_1,MERCHANT,E,211,2.897,0.01766,9.18,13728
2024-05-31,MER_MLB_MA,MERCHANT,E,1543,2.801,0.01708,7.03,1815
2024-05-31,MER_MLB_MA,MERCHANT,B,1194,2.684,0.01637,7.17,2248
2024-05-31,EXPRESS_MLB_1,DINERO_EXPRESS,C,1250,2.587,0.01578,1.0,2070
2024-05-31,EXPRESS_MLB_1,DINERO_EXPRESS,F,1594,2.354,0.01435,1.0,1477
2024-05-31,MLB_EO_ONLINE,MERCHANT,B,1053,2.249,0.01371,8.11,2136
2024-05-31,MLB_EO_ONLINE,MERCHANT,H,1483,2.216,0.01351,5.81,1494
2024-05-31,EXPRESS_MLB_1,DINERO_EXPRESS,D,990,2.102,0.01282,1.0,2124
2024-05-31,EXPRESS_MLB_1,DINERO_EXPRESS,E,1089,2.019,0.01231,1.0,1854
2024-05-31,EXPRESS_POINT_MLB_1,DINERO_EXPRESS,G,1915,1.912,0.01166,1.0,999
2024-05-31,POINT_MLB_1,MERCHANT,E,783,1.678,0.01023,7.83,2143
2024-05-31,EXPRESS_MA_MLB,DINERO_EXPRESS,G,3616,1.615,0.00985,1.0,447
2024-05-31,POINT_MLB_1,MERCHANT,B,921,1.608,0.0098,9.26,1746
2024-05-31,EXPRESS_MLB_1,DINERO_EXPRESS,G,989,1.234,0.00752,1.0,1247
2024-05-31,POINT_MLB_STD,MERCHANT,F,506,1.201,0.00732,7.84,2374
2024-05-31,EXPRESS_MA_MLB,DINERO_EXPRESS,E,2018,1.198,0.00731,1.0,594
2024-05-31,POINT_MLB_STD,MERCHANT,H,678,1.098,0.00669,8.09,1619
2024-05-31,MER_MLB_1,MERCHANT,B,115,0.881,0.00537,13.0,7659
2024-05-31,MER_MLB_1,MERCHANT,H,424,0.775,0.00472,8.77,1827
2024-05-31,EXPRESS_MA_MLB,DINERO_EXPRESS,B,1017,0.598,0.00364,1.0,588
2024-05-31,POINT_MLB_STD,MERCHANT,E,142,0.358,0.00218,7.32,2520
2024-05-31,EXPRESS_MA_MLB,DINERO_EXPRESS,D,610,0.348,0.00212,1.0,570
2024-05-31,POINT_MLB_STD,MERCHANT,B,85,0.292,0.00178,9.42,3436
2024-05-31,EXPRESS_MA_MLB,DINERO_EXPRESS,C,462,0.284,0.00173,1.0,615
2024-05-31,EXPRESS_POINT_MLB_1,DINERO_EXPRESS,H,236,0.279,0.0017,1.0,1183
2024-05-31,EXPRESS_POINT_MLB_1,DINERO_EXPRESS,Z,205,0.229,0.0014,1.0,1117
2024-05-31,EXPRESS_MA_MLB,DINERO_EXPRESS,A,369,0.206,0.00126,1.0,558
2024-05-31,EXPRESS_MLB_1,DINERO_EXPRESS,H,99,0.177,0.00108,1.0,1788
2024-05-31,MLB_EO_ONLINE,MERCHANT,D,76,0.169,0.00103,8.53,2221
2024-05-31,EXPRESS_MA_MLB,DINERO_EXPRESS,H,279,0.142,0.00086,1.0,508
2024-05-31,EXPRESS_MLB_1,DINERO_EXPRESS,Z,75,0.074,0.00045,1.0,991
2024-05-31,MER_MLB_1,MERCHANT,D,4,0.074,0.00045,10.5,18500
2024-05-31,MER_MLB_1,MERCHANT,F,8,0.065,0.0004,4.5,8119
2024-05-31,EXPRESS_MA_MLB,DINERO_EXPRESS,Z,44,0.024,0.00015,1.0,545
2024-05-31,MLB_EO_ONLINE,MERCHANT,E,4,0.002,0.00001,3.5,588
2024-05-31,EXPRESS_MA_MLB,DINERO_EXPRESS,I,5,0.002,0.00001,1.0,382
2024-06-30,EXPRESS_MLB_1,DINERO_EXPRESS,A,2729,14.62,0.27359,1.0,5357
2024-06-30,MER_MLB_MA,MERCHANT,B,2752,7.237,0.13543,7.08,2630
2024-06-30,EXPRESS_POINT_MLB_1,DINERO_EXPRESS,B,3863,6.384,0.11946,1.0,1653
2024-06-30,EXPRESS_POINT_MLB_1,DINERO_EXPRESS,A,3183,5.366,0.10042,1.0,1686
2024-06-30,EXPRESS_MLB_1,DINERO_EXPRESS,B,2042,5.306,0.0993,1.0,2599
2024-06-30,MLB_EO_ONLINE,MERCHANT,B,1304,2.66,0.04977,7.64,2040
2024-06-30,POINT_MLB_1,MERCHANT,B,1011,1.766,0.03304,8.86,1747
2024-06-30,EXPRESS_MLB_1,DINERO_EXPRESS,C,449,1.392,0.02605,1.0,3101
2024-06-30,EXPRESS_POINT_MLB_1,DINERO_EXPRESS,D,736,1.246,0.02332,1.0,1693
2024-06-30,EXPRESS_POINT_MLB_1,DINERO_EXPRESS,C,756,1.202,0.02249,1.0,1590
2024-06-30,EXPRESS_MLB_1,DINERO_EXPRESS,D,416,1.137,0.02127,1.0,2732
2024-06-30,EXPRESS_POINT_MLB_1,DINERO_EXPRESS,E,702,1.124,0.02103,1.0,1601
2024-06-30,EXPRESS_MLB_1,DINERO_EXPRESS,E,390,0.837,0.01565,1.0,2145
2024-06-30,MER_MLB_1,MERCHANT,B,130,0.696,0.01302,11.62,5351
2024-06-30,EXPRESS_POINT_MLB_1,DINERO_EXPRESS,F,357,0.541,0.01012,1.0,1515
2024-06-30,EXPRESS_MLB_1,DINERO_EXPRESS,F,214,0.531,0.00994,1.0,2482
2024-06-30,POINT_MLB_STD,MERCHANT,B,111,0.381,0.00713,10.62,3435
2024-06-30,EXPRESS_POINT_MLB_1,DINERO_EXPRESS,G,204,0.29,0.00542,1.0,1421
2024-06-30,EXPRESS_MLB_1,DINERO_EXPRESS,Z,55,0.242,0.00453,1.0,4401
2024-06-30,EXPRESS_MLB_1,DINERO_EXPRESS,G,100,0.197,0.00368,1.0,1967
2024-06-30,EXPRESS_POINT_MLB_1,DINERO_EXPRESS,Z,88,0.11,0.00205,1.0,1247
2024-06-30,EXPRESS_MLB_1,DINERO_EXPRESS,H,46,0.093,0.00174,1.0,2025
2024-06-30,EXPRESS_POINT_MLB_1,DINERO_EXPRESS,H,65,0.082,0.00154,1.0,1268
2024-07-31,EXPRESS_MLB_1,DINERO_EXPRESS,A,6020,42.317,0.24885,1.0,7029
2024-07-31,EXPRESS_POINT_MLB_1,DINERO_EXPRESS,B,13169,23.03,0.13543,1.0,1749
2024-07-31,EXPRESS_POINT_MLB_1,DINERO_EXPRESS,A,11193,20.069,0.11802,1.0,1793
2024-07-31,EXPRESS_MLB_1,DINERO_EXPRESS,B,4401,14.798,0.08702,1.0,3363
2024-07-31,MER_MLB_MA,MERCHANT,B,2561,8.765,0.05154,7.02,3422
2024-07-31,EXPRESS_POINT_MLB_1,DINERO_EXPRESS,C,4368,6.976,0.04102,1.0,1597
2024-07-31,EXPRESS_POINT_MLB_1,DINERO_EXPRESS,D,3968,6.607,0.03885,1.0,1665
2024-07-31,EXPRESS_POINT_MLB_1,DINERO_EXPRESS,E,3756,5.669,0.03334,1.0,1509
2024-07-31,EXPRESS_MLB_1,DINERO_EXPRESS,C,1320,5.374,0.0316,1.0,4071
2024-07-31,MER_MLB_MA,MERCHANT,E,1391,4.194,0.02466,6.66,3015
2024-07-31,EXPRESS_MLB_1,DINERO_EXPRESS,D,1223,3.318,0.01951,1.0,2713
2024-07-31,EXPRESS_MLB_1,DINERO_EXPRESS,E,1098,3.196,0.01879,1.0,2911
2024-07-31,EXPRESS_MA_MLB,DINERO_EXPRESS,E,3822,3.075,0.01808,1.0,805
2024-07-31,MER_MLB_1,MERCHANT,E,101,3.065,0.01802,10.3,30342
2024-07-31,EXPRESS_POINT_MLB_1,DINERO_EXPRESS,F,1905,2.887,0.01698,1.0,1515
2024-07-31,EXPRESS_MLB_1,DINERO_EXPRESS,F,578,1.772,0.01042,1.0,3065
2024-07-31,POINT_MLB_1,MERCHANT,B,790,1.771,0.01042,9.05,2242
2024-07-31,MLB_EO_ONLINE,MERCHANT,B,770,1.597,0.00939,8.97,2074
2024-07-31,MER_MLB_1,MERCHANT,B,117,1.539,0.00905,12.38,13150
2024-07-31,EXPRESS_POINT_MLB_1,DINERO_EXPRESS,G,1024,1.436,0.00844,1.0,1402
2024-07-31,MER_MLB_1,MERCHANT,D,21,1.14,0.0067,10.29,54272
2024-07-31,EXPRESS_MLB_1,DINERO_EXPRESS,G,329,0.962,0.00566,1.0,2925
2024-07-31,EXPRESS_MA_MLB,DINERO_EXPRESS,B,933,0.792,0.00466,1.0,849
2024-07-31,POINT_MLB_1,MERCHANT,E,251,0.716,0.00421,6.43,2852
2024-07-31,EXPRESS_MLB_1,DINERO_EXPRESS,Z,142,0.568,0.00334,1.0,4003
2024-07-31,EXPRESS_POINT_MLB_1,DINERO_EXPRESS,Z,407,0.493,0.0029,1.0,1212
2024-07-31,EXPRESS_POINT_MLB_1,DINERO_EXPRESS,H,348,0.458,0.00269,1.0,1315
2024-07-31,EXPRESS_MLB_1,DINERO_EXPRESS,H,138,0.451,0.00265,1.0,3270
2024-07-31,POINT_MLB_STD,MERCHANT,B,105,0.395,0.00232,10.5,3757
2024-07-31,EXPRESS_MA_MLB,DINERO_EXPRESS,F,482,0.389,0.00229,1.0,807
2024-07-31,EXPRESS_MA_MLB,DINERO_EXPRESS,D,441,0.36,0.00212,1.0,816
2024-07-31,EXPRESS_MA_MLB,DINERO_EXPRESS,A,417,0.344,0.00202,1.0,825
2024-07-31,EXPRESS_MA_MLB,DINERO_EXPRESS,C,383,0.322,0.00189,1.0,841
2024-07-31,MLB_EO_ONLINE,MERCHANT,D,75,0.316,0.00186,7.4,4216
2024-07-31,POINT_MLB_STD,MERCHANT,E,94,0.265,0.00156,7.91,2821
2024-07-31,EXPRESS_MA_MLB,DINERO_EXPRESS,G,316,0.245,0.00144,1.0,775
2024-07-31,MLB_EO_ONLINE,MERCHANT,E,74,0.208,0.00122,5.57,2807
2024-07-31,EXPRESS_MA_MLB,DINERO_EXPRESS,Z,56,0.045,0.00027,1.0,806
2024-07-31,EXPRESS_MA_MLB,DINERO_EXPRESS,H,46,0.04,0.00023,1.0,863
2024-07-31,BABY_EXPRESS_POINT_MLB_1,DINERO_EXPRESS,C,51,0.022,0.00013,1.0,429
2024-07-31,BABY_EXPRESS_POINT_MLB_1,DINERO_EXPRESS,E,41,0.017,0.0001,1.0,422
2024-07-31,BABY_EXPRESS_POINT_MLB_1,DINERO_EXPRESS,B,37,0.016,0.0001,1.0,444
2024-07-31,BABY_EXPRESS_POINT_MLB_1,DINERO_EXPRESS,D,38,0.016,0.00009,1.0,414
2024-07-31,BABY_EXPRESS_POINT_MLB_1,DINERO_EXPRESS,F,14,0.006,0.00004,1.0,441
2024-07-31,BABY_EXPRESS_POINT_MLB_1,DINERO_EXPRESS,A,9,0.004,0.00002,1.0,400
2024-07-31,BABY_EXPRESS_POINT_MLB_1,DINERO_EXPRESS,G,8,0.004,0.00002,1.0,447
2024-07-31,BABY_EXPRESS_POINT_MLB_1,DINERO_EXPRESS,H,2,0.001,0,1.0,400
2024-07-31,BABY_EXPRESS_POINT_MLB_1,DINERO_EXPRESS,Z,1,0,0,1.0,300
2024-08-31,EXPRESS_MLB_1,DINERO_EXPRESS,A,2383,16.108,0.09103,1.0,6759
2024-08-31,MER_MLB_MA,MERCHANT,E,6329,14.211,0.08031,6.74,2245
2024-08-31,MER_MLB_MA,MERCHANT,B,4534,12.946,0.07316,6.8,2855
2024-08-31,MER_MLB_MA,MERCHANT,G,7502,11.57,0.06538,6.44,1542
2024-08-31,EXPRESS_POINT_MLB_1,DINERO_EXPRESS,B,6198,11.222,0.06342,1.0,1811
2024-08-31,MER_MLB_MA,MERCHANT,F,5643,11.16,0.06307,6.6,1978
2024-08-31,MLB_EO_ONLINE,MERCHANT,G,5557,9.753,0.05511,6.02,1755
2024-08-31,POINT_MLB_1,MERCHANT,G,5189,8.984,0.05077,5.86,1731
2024-08-31,MER_MLB_1,MERCHANT,E,469,8.949,0.05057,9.94,19081
2024-08-31,EXPRESS_POINT_MLB_1,DINERO_EXPRESS,A,4573,8.379,0.04735,1.0,1832
2024-08-31,EXPRESS_MLB_1,DINERO_EXPRESS,B,2219,6.637,0.03751,1.0,2991
2024-08-31,MLB_EO_ONLINE,MERCHANT,F,2492,4.787,0.02705,6.57,1921
2024-08-31,POINT_MLB_STD,MERCHANT,G,1707,4.68,0.02645,7.25,2742
2024-08-31,EXPRESS_POINT_MLB_1,DINERO_EXPRESS,C,2524,3.828,0.02163,1.0,1517
2024-08-31,EXPRESS_POINT_MLB_1,DINERO_EXPRESS,D,2375,3.474,0.01963,1.0,1463
2024-08-31,MLB_EO_ONLINE,MERCHANT,B,1483,3.471,0.01961,7.12,2340
2024-08-31,MER_MLB_1,MERCHANT,G,1239,3.124,0.01765,8.1,2521
2024-08-31,EXPRESS_POINT_MLB_1,DINERO_EXPRESS,E,2183,3.085,0.01743,1.0,1413
2024-08-31,MER_MLB_1,MERCHANT,D,39,2.659,0.01502,10.97,68171
2024-08-31,EXPRESS_MA_MLB,DINERO_EXPRESS,E,3487,2.54,0.01436,1.0,729
2024-08-31,POINT_MLB_1,MERCHANT,E,1185,2.495,0.0141,7.41,2106
2024-08-31,POINT_MLB_1,MERCHANT,F,1161,2.413,0.01364,6.16,2079
2024-08-31,MLB_EO_ONLINE,MERCHANT,D,1302,2.293,0.01296,7.94,1761
2024-08-31,EXPRESS_MLB_1,DINERO_EXPRESS,C,925,2.156,0.01219,1.0,2331
2024-08-31,EXPRESS_MLB_1,DINERO_EXPRESS,D,858,1.99,0.01125,1.0,2320
2024-08-31,POINT_MLB_1,MERCHANT,B,896,1.653,0.00934,8.1,1845
2024-08-31,EXPRESS_POINT_MLB_1,DINERO_EXPRESS,F,1070,1.58,0.00893,1.0,1477
2024-08-31,MLB_EO_ONLINE,MERCHANT,E,522,1.328,0.0075,5.5,2544
2024-08-31,EXPRESS_MLB_1,DINERO_EXPRESS,E,709,1.183,0.00669,1.0,1669
2024-08-31,MER_MLB_1,MERCHANT,B,158,1.146,0.00648,10.84,7255
2024-08-31,POINT_MLB_STD,MERCHANT,F,436,0.921,0.0052,7.12,2112
2024-08-31,POINT_MLB_STD,MERCHANT,E,308,0.824,0.00466,7.65,2676
2024-08-31,EXPRESS_MLB_1,DINERO_EXPRESS,F,385,0.751,0.00425,1.0,1952
2024-08-31,EXPRESS_POINT_MLB_1,DINERO_EXPRESS,G,556,0.747,0.00422,1.0,1344
2024-08-31,EXPRESS_MA_MLB,DINERO_EXPRESS,B,595,0.471,0.00266,1.0,792
2024-08-31,POINT_MLB_STD,MERCHANT,B,128,0.468,0.00265,9.73,3659
2024-08-31,MER_MLB_1,MERCHANT,F,8,0.404,0.00228,9.75,50500
2024-08-31,EXPRESS_MLB_1,DINERO_EXPRESS,G,190,0.36,0.00203,1.0,1893
2024-08-31,EXPRESS_MA_MLB,DINERO_EXPRESS,F,338,0.26,0.00147,1.0,769
2024-08-31,EXPRESS_MA_MLB,DINERO_EXPRESS,D,329,0.259,0.00146,1.0,788
2024-08-31,EXPRESS_POINT_MLB_1,DINERO_EXPRESS,H,202,0.258,0.00146,1.0,1277
2024-08-31,EXPRESS_MA_MLB,DINERO_EXPRESS,G,274,0.206,0.00117,1.0,753
2024-08-31,EXPRESS_MA_MLB,DINERO_EXPRESS,A,242,0.197,0.00111,1.0,813
2024-08-31,EXPRESS_POINT_MLB_1,DINERO_EXPRESS,Z,192,0.19,0.00107,1.0,989
2024-08-31,EXPRESS_MLB_1,DINERO_EXPRESS,H,74,0.16,0.0009,1.0,2160
2024-08-31,EXPRESS_MA_MLB,DINERO_EXPRESS,C,183,0.143,0.00081,1.0,781
2024-08-31,EXPRESS_MLB_1,DINERO_EXPRESS,Z,81,0.125,0.00071,1.0,1541
2024-08-31,BABY_EXPRESS_POINT_MLB_1,DINERO_EXPRESS,E,240,0.103,0.00058,1.0,428
2024-08-31,BABY_EXPRESS_POINT_MLB_1,DINERO_EXPRESS,D,222,0.095,0.00054,1.0,429
2024-08-31,BABY_EXPRESS_POINT_MLB_1,DINERO_EXPRESS,C,165,0.075,0.00043,1.0,457
2024-08-31,BABY_EXPRESS_POINT_MLB_1,DINERO_EXPRESS,B,102,0.045,0.00026,1.0,444
2024-08-31,EXPRESS_MA_MLB,DINERO_EXPRESS,Z,31,0.024,0.00014,1.0,784
2024-08-31,EXPRESS_MA_MLB,DINERO_EXPRESS,H,22,0.02,0.00011,1.0,891
2024-08-31,BABY_EXPRESS_POINT_MLB_1,DINERO_EXPRESS,F,37,0.015,0.00009,1.0,410
2024-08-31,BABY_EXPRESS_POINT_MLB_1,DINERO_EXPRESS,A,18,0.008,0.00005,1.0,469
2024-08-31,BABY_EXPRESS_POINT_MLB_1,DINERO_EXPRESS,G,18,0.008,0.00004,1.0,428
2024-08-31,BABY_EXPRESS_POINT_MLB_1,DINERO_EXPRESS,H,8,0.004,0.00002,1.0,497
2024-08-31,BABY_EXPRESS_POINT_MLB_1,DINERO_EXPRESS,Z,9,0.004,0.00002,1.0,425
2024-08-31,POINT_MLB_1,MERCHANT,D,1,0.001,0.00001,12.0,1239
2024-08-31,EXPRESS_MA_MLB,DINERO_EXPRESS,N,1,0.001,0,1.0,720
2024-09-30,EXPRESS_MLB_1,DINERO_EXPRESS,A,1228,14.463,0.11892,1.0,11778
2024-09-30,EXPRESS_POINT_MLB_1,DINERO_EXPRESS,B,6189,11.409,0.0938,1.0,1843
2024-09-30,MER_MLB_1,MERCHANT,E,236,10.664,0.08768,10.91,45185
2024-09-30,EXPRESS_POINT_MLB_1,DINERO_EXPRESS,A,4494,9.307,0.07652,1.0,2071
2024-09-30,MER_MLB_MA,MERCHANT,B,1445,5.614,0.04616,6.4,3885
2024-09-30,POINT_MLB_1,MERCHANT,G,1876,5.36,0.04407,8.37,2857
2024-09-30,MLB_EO_ONLINE,MERCHANT,G,454,5.199,0.04275,8.52,11452
2024-09-30,MER_MLB_MA,MERCHANT,F,1645,4.528,0.03723,6.29,2753
2024-09-30,EXPRESS_POINT_MLB_1,DINERO_EXPRESS,C,2466,4.51,0.03708,1.0,1829
2024-09-30,EXPRESS_MLB_1,DINERO_EXPRESS,B,667,4.431,0.03643,1.0,6643
2024-09-30,MER_MLB_MA,MERCHANT,E,1375,4.36,0.03584,6.52,3171
2024-09-30,MER_MLB_MA,MERCHANT,G,2168,4.254,0.03498,6.2,1962
2024-09-30,EXPRESS_POINT_MLB_1,DINERO_EXPRESS,D,2301,3.755,0.03087,1.0,1632
2024-09-30,POINT_MLB_STD,MERCHANT,G,1080,3.532,0.02904,7.33,3270
2024-09-30,EXPRESS_POINT_MLB_1,DINERO_EXPRESS,E,2248,3.443,0.02831,1.0,1532
2024-09-30,MLB_EO_ONLINE,MERCHANT,F,232,2.889,0.02376,8.69,12454
2024-09-30,MER_MLB_1,MERCHANT,D,31,2.484,0.02042,10.29,80132
2024-09-30,MER_MLB_1,MERCHANT,B,79,1.946,0.016,10.71,24637
2024-09-30,EXPRESS_MA_MLB,DINERO_EXPRESS,E,2443,1.874,0.01541,1.0,767
2024-09-30,EXPRESS_MLB_1,DINERO_EXPRESS,C,253,1.813,0.0149,1.0,7164
2024-09-30,POINT_MLB_1,MERCHANT,E,368,1.661,0.01366,8.78,4515
2024-09-30,EXPRESS_POINT_MLB_1,DINERO_EXPRESS,F,1007,1.575,0.01295,1.0,1564
2024-09-30,POINT_MLB_1,MERCHANT,F,398,1.514,0.01245,8.27,3803
2024-09-30,MER_MLB_1,MERCHANT,G,246,1.433,0.01178,7.87,5824
2024-09-30,EXPRESS_MLB_1,DINERO_EXPRESS,D,240,1.272,0.01046,1.0,5300
2024-09-30,POINT_MLB_1,MERCHANT,B,283,0.845,0.00695,8.77,2987
2024-09-30,EXPRESS_MLB_1,DINERO_EXPRESS,E,198,0.822,0.00676,1.0,4151
2024-09-30,EXPRESS_POINT_MLB_1,DINERO_EXPRESS,G,512,0.769,0.00633,1.0,1503
2024-09-30,POINT_MLB_STD,MERCHANT,F,297,0.736,0.00605,7.41,2477
2024-09-30,POINT_MLB_STD,MERCHANT,E,186,0.615,0.00506,7.12,3306
2024-09-30,EXPRESS_MLB_1,DINERO_EXPRESS,F,110,0.549,0.00451,1.0,4990
2024-09-30,MER_MLB_1,MERCHANT,F,13,0.548,0.0045,7.31,42146
2024-09-30,POINT_MLB_STD,MERCHANT,B,151,0.495,0.00407,8.51,3280
2024-09-30,MLB_EO_ONLINE,MERCHANT,D,62,0.438,0.0036,8.61,7064
2024-09-30,MLB_EO_ONLINE,MERCHANT,B,162,0.408,0.00335,6.93,2516
2024-09-30,EXPRESS_MA_MLB,DINERO_EXPRESS,B,396,0.312,0.00256,1.0,787
2024-09-30,EXPRESS_POINT_MLB_1,DINERO_EXPRESS,Z,174,0.233,0.00191,1.0,1337
2024-09-30,EXPRESS_MLB_1,DINERO_EXPRESS,Z,19,0.216,0.00178,1.0,11377
2024-09-30,EXPRESS_POINT_MLB_1,DINERO_EXPRESS,H,153,0.193,0.00158,1.0,1260
2024-09-30,EXPRESS_MA_MLB,DINERO_EXPRESS,D,231,0.189,0.00156,1.0,819
2024-09-30,EXPRESS_MA_MLB,DINERO_EXPRESS,F,233,0.188,0.00155,1.0,807
2024-09-30,EXPRESS_MA_MLB,DINERO_EXPRESS,G,183,0.142,0.00117,1.0,777
2024-09-30,EXPRESS_MA_MLB,DINERO_EXPRESS,C,143,0.124,0.00102,1.0,869
2024-09-30,EXPRESS_MA_MLB,DINERO_EXPRESS,A,132,0.105,0.00087,1.0,798
2024-09-30,MLB_EO_ONLINE,MERCHANT,E,26,0.093,0.00076,5.58,3562
2024-09-30,EXPRESS_MLB_1,DINERO_EXPRESS,G,52,0.065,0.00054,1.0,1259
2024-09-30,BABY_EXPRESS_POINT_MLB_1,DINERO_EXPRESS,E,149,0.062,0.00051,1.0,419
2024-09-30,EXPRESS_MLB_1,DINERO_EXPRESS,H,16,0.051,0.00042,1.0,3173
2024-09-30,BABY_EXPRESS_POINT_MLB_1,DINERO_EXPRESS,D,98,0.041,0.00034,1.0,423
2024-09-30,BABY_EXPRESS_POINT_MLB_1,DINERO_EXPRESS,C,78,0.034,0.00028,1.0,434
2024-09-30,BABY_EXPRESS_POINT_MLB_1,DINERO_EXPRESS,B,42,0.019,0.00015,1.0,445
2024-09-30,EXPRESS_MA_MLB,DINERO_EXPRESS,H,17,0.014,0.00011,1.0,822
2024-09-30,EXPRESS_MA_MLB,DINERO_EXPRESS,Z,16,0.012,0.00009,1.0,722
2024-09-30,BABY_EXPRESS_POINT_MLB_1,DINERO_EXPRESS,F,17,0.008,0.00007,1.0,469
2024-09-30,BABY_EXPRESS_POINT_MLB_1,DINERO_EXPRESS,G,8,0.004,0.00003,1.0,488
2024-09-30,BABY_EXPRESS_POINT_MLB_1,DINERO_EXPRESS,A,9,0.004,0.00003,1.0,412
2024-09-30,BABY_EXPRESS_POINT_MLB_1,DINERO_EXPRESS,H,1,0.001,0.00001,1.0,650
2024-09-30,BABY_EXPRESS_POINT_MLB_1,DINERO_EXPRESS,Z,1,0,0,1.0,400
2024-10-31,EXPRESS_MLB_1,DINERO_EXPRESS,A,1602,16.195,0.15887,1.0,10109
2024-10-31,EXPRESS_POINT_MLB_1,DINERO_EXPRESS,B,6260,11.922,0.11696,1.0,1905
2024-10-31,EXPRESS_POINT_MLB_1,DINERO_EXPRESS,A,4402,9.215,0.0904,1.0,2093
2024-10-31,EXPRESS_MLB_1,DINERO_EXPRESS,B,1103,5.022,0.04926,1.0,4553
2024-10-31,MER_MLB_MA,MERCHANT,B,1181,4.549,0.04462,6.25,3851
2024-10-31,EXPRESS_POINT_MLB_1,DINERO_EXPRESS,C,2457,4.251,0.04171,1.0,1730
2024-10-31,EXPRESS_POINT_MLB_1,DINERO_EXPRESS,D,2177,4.008,0.03932,1.0,1841
2024-10-31,EXPRESS_POINT_MLB_1,DINERO_EXPRESS,E,2208,3.757,0.03686,1.0,1702
2024-10-31,POINT_MLB_1,MERCHANT,G,1562,3.609,0.0354,8.61,2311
2024-10-31,MLB_EO_ONLINE,MERCHANT,G,1312,2.871,0.02817,8.81,2189
2024-10-31,MER_MLB_1,MERCHANT,E,100,2.86,0.02806,10.44,28601
2024-10-31,EXPRESS_MLB_1,DINERO_EXPRESS,C,413,1.889,0.01853,1.0,4574
2024-10-31,MER_MLB_1,MERCHANT,B,81,1.876,0.01841,11.36,23166
2024-10-31,EXPRESS_POINT_MLB_1,DINERO_EXPRESS,F,1034,1.843,0.01808,1.0,1782
2024-10-31,POINT_MLB_1,MERCHANT,H,935,1.812,0.01778,6.02,1938
2024-10-31,MER_MLB_MA,MERCHANT,G,1167,1.812,0.01777,6.36,1553
2024-10-31,MER_MLB_MA,MERCHANT,F,891,1.793,0.01759,6.35,2013
2024-10-31,MER_MLB_MA,MERCHANT,E,744,1.792,0.01758,6.62,2408
2024-10-31,EXPRESS_MA_MLB,DINERO_EXPRESS,E,2553,1.765,0.01731,1.0,691
2024-10-31,MLB_EO_ONLINE,MERCHANT,F,535,1.595,0.01565,9.43,2982
2024-10-31,POINT_MLB_STD,MERCHANT,G,499,1.555,0.01526,8.06,3117
2024-10-31,EXPRESS_MLB_1,DINERO_EXPRESS,D,392,1.232,0.01208,1.0,3142
2024-10-31,EXPRESS_MLB_1,DINERO_EXPRESS,E,403,1.077,0.01057,1.0,2673
2024-10-31,POINT_MLB_1,MERCHANT,B,374,1.014,0.00995,8.86,2713
2024-10-31,MLB_EO_ONLINE,MERCHANT,B,388,1.008,0.00989,7.47,2598
2024-10-31,POINT_MLB_1,MERCHANT,E,302,0.98,0.00961,8.87,3245
2024-10-31,MLB_EO_ONLINE,MERCHANT,D,369,0.969,0.00951,10.23,2626
2024-10-31,MER_MLB_1,MERCHANT,G,252,0.96,0.00942,7.35,3810
2024-10-31,MLB_EO_ONLINE,MERCHANT,H,497,0.925,0.00907,6.11,1861
2024-10-31,EXPRESS_MLB_1,DINERO_EXPRESS,F,185,0.907,0.0089,1.0,4903
2024-10-31,EXPRESS_POINT_MLB_1,DINERO_EXPRESS,G,571,0.834,0.00818,1.0,1461
2024-10-31,POINT_MLB_1,MERCHANT,F,351,0.81,0.00794,8.83,2307
2024-10-31,MER_MLB_1,MERCHANT,D,14,0.727,0.00713,11.64,51948
2024-10-31,EXPRESS_MLB_1,DINERO_EXPRESS,G,95,0.578,0.00567,1.0,6079
2024-10-31,POINT_MLB_STD,MERCHANT,B,139,0.512,0.00503,9.28,3686
2024-10-31,POINT_MLB_STD,MERCHANT,E,101,0.325,0.00319,7.53,3218
2024-10-31,EXPRESS_MLB_1,DINERO_EXPRESS,Z,42,0.31,0.00304,1.0,7372
2024-10-31,EXPRESS_MLB_1,DINERO_EXPRESS,H,39,0.299,0.00293,1.0,7657
2024-10-31,EXPRESS_POINT_MLB_1,DINERO_EXPRESS,Z,203,0.272,0.00266,1.0,1338
2024-10-31,POINT_MLB_STD,MERCHANT,F,115,0.267,0.00262,7.74,2322
2024-10-31,EXPRESS_MA_MLB,DINERO_EXPRESS,B,361,0.246,0.00241,1.0,682
2024-10-31,EXPRESS_POINT_MLB_1,DINERO_EXPRESS,H,148,0.216,0.00212,1.0,1459
2024-10-31,MLB_EO_ONLINE,MERCHANT,E,76,0.211,0.00207,5.21,2783
2024-10-31,POINT_MLB_STD,MERCHANT,H,96,0.164,0.00161,9.39,1710
2024-10-31,MER_MLB_1,MERCHANT,F,4,0.162,0.00159,7.0,40500
2024-10-31,EXPRESS_MA_MLB,DINERO_EXPRESS,D,226,0.158,0.00155,1.0,701
2024-10-31,EXPRESS_MA_MLB,DINERO_EXPRESS,F,204,0.15,0.00147,1.0,735
2024-10-31,EXPRESS_MA_MLB,DINERO_EXPRESS,G,179,0.132,0.00129,1.0,737
2024-10-31,MER_MLB_MA,MERCHANT,H,67,0.096,0.00094,6.1,1434
2024-10-31,MER_MLB_1,MERCHANT,H,60,0.094,0.00092,9.38,1563
2024-10-31,EXPRESS_MA_MLB,DINERO_EXPRESS,C,108,0.086,0.00085,1.0,800
2024-10-31,EXPRESS_MA_MLB,DINERO_EXPRESS,A,99,0.083,0.00082,1.0,843
2024-10-31,BABY_EXPRESS_POINT_MLB_1,DINERO_EXPRESS,C,94,0.042,0.00042,1.0,452
2024-10-31,BABY_EXPRESS_POINT_MLB_1,DINERO_EXPRESS,E,59,0.025,0.00024,1.0,418
2024-10-31,BABY_EXPRESS_POINT_MLB_1,DINERO_EXPRESS,D,53,0.023,0.00023,1.0,433
2024-10-31,EXPRESS_MA_MLB,DINERO_EXPRESS,H,15,0.013,0.00013,1.0,887
2024-10-31,EXPRESS_MA_MLB,DINERO_EXPRESS,Z,15,0.011,0.00011,1.0,749
2024-10-31,BABY_EXPRESS_POINT_MLB_1,DINERO_EXPRESS,B,24,0.01,0.0001,1.0,431
2024-10-31,BABY_EXPRESS_POINT_MLB_1,DINERO_EXPRESS,F,11,0.005,0.00005,1.0,461
2024-10-31,BABY_EXPRESS_POINT_MLB_1,DINERO_EXPRESS,A,10,0.004,0.00004,1.0,420
2024-10-31,BABY_EXPRESS_POINT_MLB_1,DINERO_EXPRESS,G,7,0.003,0.00003,1.0,421
2024-10-31,BABY_EXPRESS_POINT_MLB_1,DINERO_EXPRESS,Z,5,0.002,0.00002,1.0,400
2024-10-31,BABY_EXPRESS_POINT_MLB_1,DINERO_EXPRESS,H,2,0.001,0.00001,1.0,550
2024-11-30,EXPRESS_MLB_1,DINERO_EXPRESS,A,1212,13.894,0.18101,1.0,11464
2024-11-30,EXPRESS_POINT_MLB_1,DINERO_EXPRESS,B,4960,9.924,0.1293,1.0,2001
2024-11-30,EXPRESS_POINT_MLB_1,DINERO_EXPRESS,A,3212,6.891,0.08978,1.0,2145
2024-11-30,EXPRESS_MLB_1,DINERO_EXPRESS,B,984,4.589,0.05979,1.0,4664
2024-11-30,MER_MLB_MA,MERCHANT,B,983,3.839,0.05002,6.55,3906
2024-11-30,EXPRESS_POINT_MLB_1,DINERO_EXPRESS,C,1783,3.453,0.04499,1.0,1937
2024-11-30,EXPRESS_POINT_MLB_1,DINERO_EXPRESS,D,1809,3.429,0.04467,1.0,1896
2024-11-30,EXPRESS_POINT_MLB_1,DINERO_EXPRESS,E,1910,3.277,0.04269,1.0,1716
2024-11-30,POINT_MLB_1,MERCHANT,G,803,1.887,0.02459,9.09,2350
2024-11-30,EXPRESS_MA_MLB,DINERO_EXPRESS,E,2601,1.657,0.02158,1.0,637
2024-11-30,EXPRESS_POINT_MLB_1,DINERO_EXPRESS,F,917,1.637,0.02133,1.0,1785
2024-11-30,MER_MLB_1,MERCHANT,B,73,1.513,0.01972,14.38,20730
2024-11-30,MLB_EO_ONLINE,MERCHANT,G,792,1.373,0.01789,8.66,1734
2024-11-30,EXPRESS_MLB_1,DINERO_EXPRESS,E,416,1.344,0.0175,1.0,3230
2024-11-30,EXPRESS_MLB_1,DINERO_EXPRESS,D,387,1.152,0.01501,1.0,2977
2024-11-30,EXPRESS_MLB_1,DINERO_EXPRESS,C,374,1.151,0.01499,1.0,3077
2024-11-30,MER_MLB_MA,MERCHANT,G,881,1.089,0.01418,6.8,1236
2024-11-30,MER_MLB_MA,MERCHANT,F,674,1.068,0.01392,6.78,1585
2024-11-30,POINT_MLB_1,MERCHANT,H,539,1.02,0.01328,6.04,1892
2024-11-30,POINT_MLB_STD,MERCHANT,G,222,0.912,0.01188,8.94,4108
2024-11-30,POINT_MLB_1,MERCHANT,B,310,0.862,0.01122,8.69,2779
2024-11-30,MER_MLB_MA,MERCHANT,E,453,0.803,0.01047,6.93,1774
2024-11-30,MLB_EO_ONLINE,MERCHANT,F,358,0.764,0.00996,9.57,2135
2024-11-30,EXPRESS_MLB_1,DINERO_EXPRESS,F,231,0.761,0.00991,1.0,3294
2024-11-30,MLB_EO_ONLINE,MERCHANT,H,424,0.702,0.00915,6.04,1656
2024-11-30,EXPRESS_POINT_MLB_1,DINERO_EXPRESS,G,482,0.691,0.009,1.0,1433
2024-11-30,MLB_EO_ONLINE,MERCHANT,B,271,0.638,0.00831,8.59,2354
2024-11-30,MLB_EO_ONLINE,MERCHANT,D,329,0.57,0.00743,10.08,1733
2024-11-30,MER_MLB_1,MERCHANT,E,42,0.431,0.00561,10.38,10251
2024-11-30,POINT_MLB_1,MERCHANT,E,180,0.429,0.0056,9.33,2386
2024-11-30,POINT_MLB_STD,MERCHANT,B,131,0.415,0.00541,10.19,3170
2024-11-30,MER_MLB_MA,MERCHANT,H,347,0.391,0.0051,6.79,1128
2024-11-30,POINT_MLB_1,MERCHANT,F,172,0.39,0.00508,9.58,2266
2024-11-30,MER_MLB_1,MERCHANT,F,3,0.383,0.00499,12.0,127667
2024-11-30,EXPRESS_MLB_1,DINERO_EXPRESS,G,121,0.358,0.00466,1.0,2958
2024-11-30,MER_MLB_1,MERCHANT,D,4,0.324,0.00422,16.5,81000
2024-11-30,MER_MLB_1,MERCHANT,G,120,0.272,0.00355,8.94,2268
2024-11-30,EXPRESS_MA_MLB,DINERO_EXPRESS,B,406,0.26,0.00339,1.0,641
2024-11-30,MLB_EO_ONLINE,MERCHANT,E,73,0.233,0.00303,5.19,3188
2024-11-30,EXPRESS_POINT_MLB_1,DINERO_EXPRESS,H,138,0.232,0.00302,1.0,1681
2024-11-30,EXPRESS_MA_MLB,DINERO_EXPRESS,D,282,0.192,0.0025,1.0,681
2024-11-30,POINT_MLB_STD,MERCHANT,E,43,0.184,0.00239,8.79,4267
2024-11-30,EXPRESS_MLB_1,DINERO_EXPRESS,H,35,0.172,0.00224,1.0,4906
2024-11-30,POINT_MLB_STD,MERCHANT,H,89,0.17,0.00221,10.1,1908
2024-11-30,EXPRESS_POINT_MLB_1,DINERO_EXPRESS,Z,153,0.158,0.00206,1.0,1032
2024-11-30,EXPRESS_MA_MLB,DINERO_EXPRESS,F,209,0.144,0.00188,1.0,691
2024-11-30,POINT_MLB_STD,MERCHANT,F,49,0.118,0.00154,9.45,2409
2024-11-30,EXPRESS_MA_MLB,DINERO_EXPRESS,G,165,0.114,0.00148,1.0,691
2024-11-30,BABY_EXPRESS_POINT_MLB_1,DINERO_EXPRESS,E,221,0.091,0.00118,1.0,412
2024-11-30,MER_MLB_1,MERCHANT,H,59,0.085,0.00111,8.81,1440
2024-11-30,EXPRESS_MA_MLB,DINERO_EXPRESS,C,110,0.077,0.001,1.0,700
2024-11-30,EXPRESS_MA_MLB,DINERO_EXPRESS,A,103,0.061,0.00079,1.0,592
2024-11-30,BABY_EXPRESS_POINT_MLB_1,DINERO_EXPRESS,C,104,0.048,0.00062,1.0,458
2024-11-30,EXPRESS_MLB_1,DINERO_EXPRESS,Z,47,0.043,0.00056,1.0,923
2024-11-30,BABY_EXPRESS_POINT_MLB_1,DINERO_EXPRESS,D,68,0.028,0.00037,1.0,418
2024-11-30,BABY_EXPRESS_POINT_MLB_1,DINERO_EXPRESS,B,37,0.016,0.00021,1.0,429
2024-11-30,EXPRESS_MA_MLB,DINERO_EXPRESS,Z,19,0.013,0.00017,1.0,705
2024-11-30,BABY_EXPRESS_POINT_MLB_1,DINERO_EXPRESS,F,27,0.011,0.00014,1.0,398
2024-11-30,EXPRESS_MA_MLB,DINERO_EXPRESS,H,9,0.008,0.00011,1.0,939
2024-11-30,BABY_EXPRESS_POINT_MLB_1,DINERO_EXPRESS,G,11,0.005,0.00006,1.0,452
2024-11-30,BABY_EXPRESS_POINT_MLB_1,DINERO_EXPRESS,A,9,0.004,0.00005,1.0,425
2024-11-30,BABY_EXPRESS_POINT_MLB_1,DINERO_EXPRESS,Z,6,0.003,0.00004,1.0,450
2024-11-30,BABY_EXPRESS_POINT_MLB_1,DINERO_EXPRESS,H,6,0.003,0.00003,1.0,433
2024-12-31,EXPRESS_MLB_1,DINERO_EXPRESS,A,1830,18.816,0.15557,1.0,10282
2024-12-31,EXPRESS_POINT_MLB_1,DINERO_EXPRESS,B,5609,12.883,0.10652,1.0,2297
2024-12-31,EXPRESS_POINT_MLB_1,DINERO_EXPRESS,A,3325,8.294,0.06858,1.0,2494
2024-12-31,EXPRESS_MLB_1,DINERO_EXPRESS,B,1608,7.775,0.06428,1.0,4835
2024-12-31,MER_MLB_MA,MERCHANT,B,1987,7.41,0.06127,8.05,3729
2024-12-31,EXPRESS_POINT_MLB_1,DINERO_EXPRESS,D,2252,4.898,0.0405,1.0,2175
2024-12-31,EXPRESS_POINT_MLB_1,DINERO_EXPRESS,E,2310,4.712,0.03896,1.0,2040
2024-12-31,EXPRESS_POINT_MLB_1,DINERO_EXPRESS,C,1936,4.572,0.0378,1.0,2361
2024-12-31,MER_MLB_MA,MERCHANT,F,1819,4.237,0.03503,7.69,2329
2024-12-31,MER_MLB_1,MERCHANT,E,133,4.115,0.03402,10.8,30936
2024-12-31,EXPRESS_MLB_1,DINERO_EXPRESS,C,554,3.697,0.03057,1.0,6674
2024-12-31,MER_MLB_MA,MERCHANT,E,1400,3.69,0.03051,8.07,2636
2024-12-31,POINT_MLB_STD,MERCHANT,G,808,3.597,0.02974,9.98,4451
2024-12-31,MER_MLB_MA,MERCHANT,G,1924,3.247,0.02685,6.55,1688
2024-12-31,POINT_MLB_1,MERCHANT,G,1259,2.862,0.02366,5.92,2273
2024-12-31,EXPRESS_POINT_MLB_1,DINERO_EXPRESS,F,1212,2.585,0.02137,1.0,2133
2024-12-31,EXPRESS_MLB_1,DINERO_EXPRESS,D,649,2.535,0.02096,1.0,3905
2024-12-31,EXPRESS_MLB_1,DINERO_EXPRESS,E,685,2.207,0.01825,1.0,3222
2024-12-31,MLB_EO_ONLINE,MERCHANT,G,641,1.973,0.01632,5.79,3079
2024-12-31,MER_MLB_1,MERCHANT,D,23,1.606,0.01328,12.35,69833
2024-12-31,MLB_EO_ONLINE,MERCHANT,B,628,1.316,0.01088,5.77,2095
2024-12-31,EXPRESS_MLB_1,DINERO_EXPRESS,F,317,1.184,0.00979,1.0,3736
2024-12-31,MER_MLB_1,MERCHANT,B,95,1.156,0.00956,11.65,12165
2024-12-31,EXPRESS_POINT_MLB_1,DINERO_EXPRESS,G,636,1.127,0.00931,1.0,1771
2024-12-31,POINT_MLB_1,MERCHANT,B,333,0.844,0.00698,6.28,2535
2024-12-31,POINT_MLB_STD,MERCHANT,E,152,0.755,0.00624,9.93,4966
2024-12-31,EXPRESS_MLB_1,DINERO_EXPRESS,G,168,0.734,0.00607,1.0,4368
2024-12-31,MLB_EO_ONLINE,MERCHANT,F,241,0.72,0.00595,6.27,2988
2024-12-31,POINT_MLB_1,MERCHANT,F,290,0.718,0.00593,5.92,2475
2024-12-31,EXPRESS_MA_MLB,DINERO_EXPRESS,E,872,0.707,0.00585,1.0,811
2024-12-31,POINT_MLB_1,MERCHANT,E,254,0.678,0.0056,6.02,2668
2024-12-31,POINT_MLB_STD,MERCHANT,F,224,0.635,0.00525,10.06,2836
2024-12-31,MER_MLB_1,MERCHANT,G,183,0.542,0.00449,8.43,2964
2024-12-31,POINT_MLB_STD,MERCHANT,B,130,0.525,0.00434,11.85,4037
2024-12-31,MER_MLB_MA,MERCHANT,H,260,0.478,0.00395,5.58,1837
2024-12-31,MLB_EO_ONLINE,MERCHANT,E,212,0.403,0.00333,5.69,1901
2024-12-31,EXPRESS_MLB_1,DINERO_EXPRESS,H,57,0.388,0.0032,1.0,6799
2024-12-31,EXPRESS_POINT_MLB_1,DINERO_EXPRESS,H,160,0.331,0.00273,1.0,2066
2024-12-31,MER_MLB_1,MERCHANT,F,9,0.316,0.00261,10.33,35056
2024-12-31,POINT_MLB_1,MERCHANT,H,109,0.253,0.00209,5.28,2320
2024-12-31,EXPRESS_MA_MLB,DINERO_EXPRESS,B,246,0.241,0.00199,1.0,979
2024-12-31,MLB_EO_ONLINE,MERCHANT,D,64,0.239,0.00197,6.47,3728
2024-12-31,EXPRESS_POINT_MLB_1,DINERO_EXPRESS,Z,146,0.205,0.0017,1.0,1406
2024-12-31,EXPRESS_MA_MLB,DINERO_EXPRESS,D,146,0.137,0.00113,1.0,936
2024-12-31,POINT_MLB_STD,MERCHANT,H,50,0.114,0.00094,9.78,2284
2024-12-31,EXPRESS_MA_MLB,DINERO_EXPRESS,F,95,0.101,0.00084,1.0,1064
2024-12-31,EXPRESS_MLB_1,DINERO_EXPRESS,Z,52,0.089,0.00073,1.0,1705
2024-12-31,EXPRESS_MA_MLB,DINERO_EXPRESS,G,70,0.062,0.00051,1.0,883
2024-12-31,EXPRESS_MA_MLB,DINERO_EXPRESS,C,53,0.049,0.0004,1.0,923
2024-12-31,BABY_EXPRESS_POINT_MLB_1,DINERO_EXPRESS,C,102,0.044,0.00037,1.0,435
2024-12-31,MLB_EO_ONLINE,MERCHANT,H,10,0.031,0.00026,4.4,3139
2024-12-31,EXPRESS_MA_MLB,DINERO_EXPRESS,A,29,0.03,0.00025,1.0,1023
2024-12-31,MER_MLB_1,MERCHANT,H,8,0.022,0.00018,8.75,2725
2024-12-31,BABY_EXPRESS_POINT_MLB_1,DINERO_EXPRESS,E,40,0.016,0.00014,1.0,411
2024-12-31,BABY_EXPRESS_POINT_MLB_1,DINERO_EXPRESS,B,33,0.014,0.00012,1.0,434
2024-12-31,BABY_EXPRESS_POINT_MLB_1,DINERO_EXPRESS,D,21,0.008,0.00007,1.0,402
2024-12-31,BABY_EXPRESS_POINT_MLB_1,DINERO_EXPRESS,F,14,0.006,0.00005,1.0,416
2024-12-31,EXPRESS_MA_MLB,DINERO_EXPRESS,Z,8,0.005,0.00004,1.0,679
2024-12-31,BABY_EXPRESS_POINT_MLB_1,DINERO_EXPRESS,A,10,0.004,0.00004,1.0,430
2024-12-31,BABY_EXPRESS_POINT_MLB_1,DINERO_EXPRESS,G,10,0.004,0.00004,1.0,428
2024-12-31,EXPRESS_MA_MLB,DINERO_EXPRESS,H,4,0.004,0.00003,1.0,950
2024-12-31,BABY_EXPRESS_POINT_MLB_1,DINERO_EXPRESS,Z,4,0.002,0.00001,1.0,400
2025-01-31,EXPRESS_MLB_1,DINERO_EXPRESS,A,1384,11.172,0.12155,1.0,8072
2025-01-31,MER_MLB_MA,MERCHANT,B,1765,7.904,0.08599,8.86,4478
2025-01-31,EXPRESS_POINT_MLB_1,DINERO_EXPRESS,B,3922,7.722,0.08402,1.0,1969
2025-01-31,MER_MLB_1,MERCHANT,E,151,5.012,0.05453,11.32,33193
2025-01-31,EXPRESS_MLB_1,DINERO_EXPRESS,B,1414,4.54,0.04939,1.0,3211
2025-01-31,EXPRESS_POINT_MLB_1,DINERO_EXPRESS,E,1906,4.068,0.04426,1.0,2134
2025-01-31,EXPRESS_POINT_MLB_1,DINERO_EXPRESS,A,1929,4.063,0.04421,1.0,2106
2025-01-31,EXPRESS_POINT_MLB_1,DINERO_EXPRESS,D,1691,3.527,0.03837,1.0,2085
2025-01-31,MER_MLB_MA,MERCHANT,E,1104,3.406,0.03706,7.84,3085
2025-01-31,MER_MLB_MA,MERCHANT,F,1349,3.366,0.03662,7.36,2495
2025-01-31,POINT_MLB_STD,MERCHANT,G,689,3.288,0.03577,8.4,4772
2025-01-31,EXPRESS_POINT_MLB_1,DINERO_EXPRESS,C,1466,3.08,0.03351,1.0,2101
2025-01-31,MER_MLB_MA,MERCHANT,G,1415,2.608,0.02838,6.49,1843
2025-01-31,POINT_MLB_1,MERCHANT,G,788,2.555,0.0278,5.73,3243
2025-01-31,MER_MLB_1,MERCHANT,B,151,2.354,0.02561,15.09,15588
2025-01-31,EXPRESS_MLB_1,DINERO_EXPRESS,E,734,2.234,0.02431,1.0,3044
2025-01-31,EXPRESS_POINT_MLB_1,DINERO_EXPRESS,F,932,2.131,0.02319,1.0,2287
2025-01-31,EXPRESS_MLB_1,DINERO_EXPRESS,D,621,1.947,0.02118,1.0,3135
2025-01-31,MLB_EO_ONLINE,MERCHANT,G,378,1.737,0.0189,5.91,4596
2025-01-31,EXPRESS_MLB_1,DINERO_EXPRESS,C,479,1.625,0.01768,1.0,3392
2025-01-31,POINT_MLB_STD,MERCHANT,B,227,1.345,0.01464,13.2,5926
2025-01-31,MLB_EO_ONLINE,MERCHANT,B,549,1.303,0.01417,7.16,2373
2025-01-31,POINT_MLB_1,MERCHANT,B,388,1.17,0.01273,9.42,3015
2025-01-31,MER_MLB_1,MERCHANT,D,17,1.077,0.01172,14.88,63365
2025-01-31,EXPRESS_POINT_MLB_1,DINERO_EXPRESS,G,587,0.872,0.00949,1.0,1485
2025-01-31,MER_MLB_1,MERCHANT,G,210,0.827,0.009,8.0,3939
2025-01-31,EXPRESS_MLB_1,DINERO_EXPRESS,F,300,0.817,0.00889,1.0,2724
2025-01-31,MLB_EO_ONLINE,MERCHANT,F,157,0.698,0.0076,6.68,4448
2025-01-31,POINT_MLB_STD,MERCHANT,E,124,0.686,0.00747,10.35,5536
2025-01-31,MER_MLB_MA,MERCHANT,H,441,0.627,0.00683,6.48,1423
2025-01-31,POINT_MLB_1,MERCHANT,E,105,0.602,0.00655,7.26,5735
2025-01-31,MLB_EO_ONLINE,MERCHANT,D,73,0.596,0.00648,8.32,8159
2025-01-31,POINT_MLB_STD,MERCHANT,F,125,0.5,0.00544,10.42,4000
2025-01-31,POINT_MLB_1,MERCHANT,F,94,0.491,0.00534,7.5,5218
2025-01-31,EXPRESS_MLB_1,DINERO_EXPRESS,G,195,0.476,0.00518,1.0,2441
2025-01-31,EXPRESS_POINT_MLB_1,DINERO_EXPRESS,H,104,0.202,0.0022,1.0,1945
2025-01-31,EXPRESS_POINT_MLB_1,DINERO_EXPRESS,Z,113,0.197,0.00214,1.0,1741
2025-01-31,MLB_EO_ONLINE,MERCHANT,E,77,0.17,0.00185,5.49,2206
2025-01-31,POINT_MLB_1,MERCHANT,H,69,0.154,0.00168,5.19,2232
2025-01-31,MER_MLB_1,MERCHANT,F,4,0.147,0.0016,9.0,36750
2025-01-31,EXPRESS_MA_MLB,DINERO_EXPRESS,B,148,0.147,0.0016,1.0,992
2025-01-31,EXPRESS_MLB_1,DINERO_EXPRESS,H,45,0.098,0.00106,1.0,2170
2025-01-31,POINT_MLB_STD,MERCHANT,H,37,0.071,0.00077,8.0,1923
2025-01-31,EXPRESS_MLB_1,DINERO_EXPRESS,Z,58,0.065,0.00071,1.0,1120
2025-01-31,EXPRESS_MA_MLB,DINERO_EXPRESS,E,32,0.04,0.00044,1.0,1253
2025-01-31,BABY_EXPRESS_POINT_MLB_1,DINERO_EXPRESS,C,77,0.035,0.00038,1.0,451
2025-01-31,EXPRESS_MA_MLB,DINERO_EXPRESS,D,27,0.028,0.00031,1.0,1042
2025-01-31,MLB_EO_ONLINE,MERCHANT,H,22,0.025,0.00027,4.27,1139
2025-01-31,MER_MLB_1,MERCHANT,H,19,0.022,0.00023,5.79,1136
2025-01-31,EXPRESS_MA_MLB,DINERO_EXPRESS,G,14,0.019,0.00021,1.0,1371
2025-01-31,EXPRESS_MA_MLB,DINERO_EXPRESS,C,12,0.016,0.00017,1.0,1323
2025-01-31,EXPRESS_MA_MLB,DINERO_EXPRESS,A,17,0.012,0.00013,1.0,727
2025-01-31,EXPRESS_MA_MLB,DINERO_EXPRESS,F,9,0.01,0.00011,1.0,1096
2025-01-31,BABY_EXPRESS_POINT_MLB_1,DINERO_EXPRESS,B,21,0.009,0.00009,1.0,414
2025-01-31,BABY_EXPRESS_POINT_MLB_1,DINERO_EXPRESS,E,12,0.005,0.00005,1.0,406
2025-01-31,BABY_EXPRESS_POINT_MLB_1,DINERO_EXPRESS,F,9,0.004,0.00004,1.0,450
2025-01-31,BABY_EXPRESS_POINT_MLB_1,DINERO_EXPRESS,G,10,0.004,0.00004,1.0,395
2025-01-31,BABY_EXPRESS_POINT_MLB_1,DINERO_EXPRESS,D,8,0.004,0.00004,1.0,438
2025-01-31,EXPRESS_MA_MLB,DINERO_EXPRESS,Z,3,0.002,0.00002,1.0,567
2025-01-31,BABY_EXPRESS_POINT_MLB_1,DINERO_EXPRESS,A,3,0.001,0.00001,1.0,400
2025-01-31,BABY_EXPRESS_POINT_MLB_1,DINERO_EXPRESS,Z,1,0,0,1.0,400
2025-02-28,EXPRESS_MLB_1,DINERO_EXPRESS,A,1066,13.011,0.1279,1.0,12206
2025-02-28,MER_MLB_MA,MERCHANT,B,1822,7.277,0.07154,9.67,3994
2025-02-28,EXPRESS_POINT_MLB_1,DINERO_EXPRESS,B,3550,6.898,0.06781,1.0,1943
2025-02-28,POINT_MLB_1,MERCHANT,G,1986,6.212,0.06106,8.95,3128
2025-02-28,MER_MLB_1,MERCHANT,B,209,5.015,0.0493,14.78,23996
2025-02-28,MLB_EO_ONLINE,MERCHANT,G,2065,4.549,0.04471,9.04,2203
2025-02-28,EXPRESS_MLB_1,DINERO_EXPRESS,B,812,4.245,0.04173,1.0,5228
2025-02-28,EXPRESS_POINT_MLB_1,DINERO_EXPRESS,A,1653,3.244,0.03189,1.0,1963
2025-02-28,EXPRESS_POINT_MLB_1,DINERO_EXPRESS,E,1526,2.934,0.02884,1.0,1923
2025-02-28,POINT_MLB_STD,MERCHANT,G,796,2.873,0.02824,8.51,3610
2025-02-28,POINT_MLB_1,MERCHANT,H,1214,2.873,0.02824,6.4,2367
2025-02-28,EXPRESS_POINT_MLB_1,DINERO_EXPRESS,D,1371,2.795,0.02748,1.0,2039
2025-02-28,EXPRESS_POINT_MLB_1,DINERO_EXPRESS,C,1245,2.72,0.02673,1.0,2184
2025-02-28,MER_MLB_MA,MERCHANT,G,1575,2.241,0.02203,6.72,1423
2025-02-28,MLB_EO_ONLINE,MERCHANT,D,797,1.921,0.01888,11.12,2410
2025-02-28,MER_MLB_1,MERCHANT,D,21,1.889,0.01857,13.19,89952
2025-02-28,EXPRESS_MLB_1,DINERO_EXPRESS,D,302,1.855,0.01824,1.0,6144
2025-02-28,MER_MLB_MA,MERCHANT,F,911,1.852,0.01821,9.17,2033
2025-02-28,MER_MLB_MA,MERCHANT,E,739,1.798,0.01767,9.8,2433
2025-02-28,MER_MLB_1,MERCHANT,E,243,1.753,0.01723,11.51,7213
2025-02-28,MLB_EO_ONLINE,MERCHANT,F,687,1.739,0.01709,10.91,2531
2025-02-28,EXPRESS_MLB_1,DINERO_EXPRESS,E,376,1.701,0.01672,1.0,4523
2025-02-28,EXPRESS_MLB_1,DINERO_EXPRESS,C,257,1.63,0.01602,1.0,6342
2025-02-28,MLB_EO_ONLINE,MERCHANT,H,800,1.608,0.01581,6.19,2010
2025-02-28,POINT_MLB_1,MERCHANT,B,500,1.551,0.01525,10.34,3102
2025-02-28,EXPRESS_POINT_MLB_1,DINERO_EXPRESS,F,705,1.469,0.01444,1.0,2083
2025-02-28,MLB_EO_ONLINE,MERCHANT,B,711,1.412,0.01388,9.75,1985
2025-02-28,POINT_MLB_1,MERCHANT,F,360,1.397,0.01373,10.73,3879
2025-02-28,MER_MLB_1,MERCHANT,G,476,1.356,0.01333,9.27,2850
2025-02-28,MER_MLB_MA,MERCHANT,H,1105,1.26,0.01238,5.63,1140
2025-02-28,POINT_MLB_1,MERCHANT,E,347,1.194,0.01174,10.92,3440
2025-02-28,POINT_MLB_STD,MERCHANT,B,217,1.068,0.0105,13.54,4922
2025-02-28,EXPRESS_POINT_MLB_1,DINERO_EXPRESS,G,499,0.902,0.00887,1.0,1808
2025-02-28,POINT_MLB_STD,MERCHANT,H,319,0.781,0.00768,9.56,2449
2025-02-28,EXPRESS_MLB_1,DINERO_EXPRESS,F,163,0.776,0.00763,1.0,4762
2025-02-28,MER_MLB_1,MERCHANT,A,14,0.621,0.0061,14.14,44336
2025-02-28,POINT_MLB_STD,MERCHANT,F,145,0.492,0.00484,10.57,3394
2025-02-28,EXPRESS_MLB_1,DINERO_EXPRESS,G,95,0.48,0.00472,1.0,5052
2025-02-28,MER_MLB_1,MERCHANT,F,13,0.395,0.00388,11.08,30388
2025-02-28,MER_MLB_1,MERCHANT,H,198,0.344,0.00338,10.32,1735
2025-02-28,POINT_MLB_STD,MERCHANT,E,50,0.315,0.0031,10.52,6301
2025-02-28,POINT_MLB_STD,MERCHANT,A,16,0.245,0.00241,13.19,15329
2025-02-28,EXPRESS_MLB_1,DINERO_EXPRESS,H,19,0.197,0.00193,1.0,10358
2025-02-28,POINT_MLB_STD,MERCHANT,D,50,0.172,0.00169,12.18,3432
2025-02-28,EXPRESS_POINT_MLB_1,DINERO_EXPRESS,H,63,0.142,0.00139,1.0,2249
2025-02-28,EXPRESS_MA_MLB,DINERO_EXPRESS,B,126,0.135,0.00133,1.0,1071
2025-02-28,EXPRESS_POINT_MLB_1,DINERO_EXPRESS,Z,83,0.098,0.00096,1.0,1179
2025-02-28,MLB_EO_ONLINE,MERCHANT,E,35,0.096,0.00094,5.57,2745
2025-02-28,EXPRESS_MA_MLB,DINERO_EXPRESS,E,36,0.045,0.00044,1.0,1250
2025-02-28,EXPRESS_MA_MLB,DINERO_EXPRESS,D,35,0.042,0.00041,1.0,1206
2025-02-28,EXPRESS_MA_MLB,DINERO_EXPRESS,F,20,0.029,0.00029,1.0,1469
2025-02-28,EXPRESS_MA_MLB,DINERO_EXPRESS,C,13,0.02,0.0002,1.0,1535
2025-02-28,BABY_EXPRESS_POINT_MLB_1,DINERO_EXPRESS,C,34,0.016,0.00016,1.0,468
2025-02-28,EXPRESS_MLB_1,DINERO_EXPRESS,Z,14,0.012,0.00012,1.0,888
2025-02-28,EXPRESS_MA_MLB,DINERO_EXPRESS,A,12,0.012,0.00012,1.0,980
2025-02-28,BABY_EXPRESS_POINT_MLB_1,DINERO_EXPRESS,G,8,0.004,0.00004,1.0,506
2025-02-28,EXPRESS_MA_MLB,DINERO_EXPRESS,G,3,0.004,0.00004,1.0,1190
2025-02-28,BABY_EXPRESS_POINT_MLB_1,DINERO_EXPRESS,B,8,0.003,0.00003,1.0,416
2025-02-28,EXPRESS_MA_MLB,DINERO_EXPRESS,H,2,0.003,0.00003,1.0,1525
2025-02-28,EXPRESS_MA_MLB,DINERO_EXPRESS,Z,3,0.002,0.00002,1.0,813
2025-02-28,BABY_EXPRESS_POINT_MLB_1,DINERO_EXPRESS,D,5,0.002,0.00002,1.0,430
2025-02-28,BABY_EXPRESS_POINT_MLB_1,DINERO_EXPRESS,E,4,0.002,0.00002,1.0,388
2025-02-28,BABY_EXPRESS_POINT_MLB_1,DINERO_EXPRESS,Z,3,0.001,0.00001,1.0,392
2025-02-28,POINT_MLB_1,MERCHANT,D,1,0.001,0.00001,12.0,800
2025-02-28,BABY_EXPRESS_POINT_MLB_1,DINERO_EXPRESS,F,1,0,0,1.0,400
2025-02-28,BABY_EXPRESS_POINT_MLB_1,DINERO_EXPRESS,A,1,0,0,1.0,320
2025-03-31,EXPRESS_MLB_1,DINERO_EXPRESS,A,909,13.562,0.15979,1.0,14920
2025-03-31,EXPRESS_POINT_MLB_1,DINERO_EXPRESS,B,3917,7.533,0.08875,1.0,1923
2025-03-31,MER_MLB_1,MERCHANT,B,165,6.144,0.07239,15.54,37238
2025-03-31,POINT_MLB_1,MERCHANT,G,1980,5.097,0.06005,8.8,2574
2025-03-31,MLB_EO_ONLINE,MERCHANT,G,2331,4.662,0.05492,9.36,2000
2025-03-31,EXPRESS_MLB_1,DINERO_EXPRESS,B,571,4.415,0.05202,1.0,7732
2025-03-31,MER_MLB_MA,MERCHANT,B,1006,4.388,0.0517,9.92,4362
2025-03-31,EXPRESS_POINT_MLB_1,DINERO_EXPRESS,E,1703,3.346,0.03942,1.0,1965
2025-03-31,EXPRESS_POINT_MLB_1,DINERO_EXPRESS,A,1733,3.278,0.03862,1.0,1892
2025-03-31,EXPRESS_POINT_MLB_1,DINERO_EXPRESS,C,1357,2.983,0.03515,1.0,2199
2025-03-31,EXPRESS_POINT_MLB_1,DINERO_EXPRESS,D,1366,2.798,0.03296,1.0,2048
2025-03-31,POINT_MLB_STD,MERCHANT,G,825,2.033,0.02395,8.57,2464
2025-03-31,MER_MLB_MA,MERCHANT,G,1387,1.849,0.02178,6.76,1333
2025-03-31,MLB_EO_ONLINE,MERCHANT,F,794,1.667,0.01964,10.59,2099
2025-03-31,MER_MLB_1,MERCHANT,D,16,1.634,0.01925,16.75,102125
2025-03-31,MER_MLB_MA,MERCHANT,F,706,1.393,0.01642,9.33,1974
2025-03-31,MER_MLB_MA,MERCHANT,E,515,1.352,0.01592,9.7,2625
2025-03-31,EXPRESS_MLB_1,DINERO_EXPRESS,E,238,1.286,0.01515,1.0,5403
2025-03-31,EXPRESS_POINT_MLB_1,DINERO_EXPRESS,F,676,1.283,0.01512,1.0,1898
2025-03-31,POINT_MLB_1,MERCHANT,F,398,1.256,0.0148,9.89,3157
2025-03-31,MLB_EO_ONLINE,MERCHANT,D,640,1.234,0.01454,11.6,1928
2025-03-31,MER_MLB_1,MERCHANT,G,518,1.172,0.01381,9.17,2262
2025-03-31,EXPRESS_MLB_1,DINERO_EXPRESS,C,154,1.162,0.01369,1.0,7544
2025-03-31,EXPRESS_MLB_1,DINERO_EXPRESS,D,196,0.917,0.01081,1.0,4680
2025-03-31,POINT_MLB_1,MERCHANT,B,345,0.901,0.01061,10.97,2611
2025-03-31,POINT_MLB_1,MERCHANT,E,262,0.897,0.01057,11.46,3423
2025-03-31,MLB_EO_ONLINE,MERCHANT,B,439,0.856,0.01008,10.57,1950
2025-03-31,EXPRESS_POINT_MLB_1,DINERO_EXPRESS,G,553,0.813,0.00958,1.0,1470
2025-03-31,MER_MLB_1,MERCHANT,E,182,0.8,0.00943,11.77,4396
2025-03-31,EXPRESS_MLB_1,DINERO_EXPRESS,F,87,0.669,0.00788,1.0,7691
2025-03-31,POINT_MLB_STD,MERCHANT,B,168,0.665,0.00783,13.15,3958
2025-03-31,MER_MLB_1,MERCHANT,A,14,0.589,0.00694,13.93,42060
2025-03-31,POINT_MLB_STD,MERCHANT,F,150,0.427,0.00504,10.16,2850
2025-03-31,MER_MLB_1,MERCHANT,F,25,0.28,0.0033,10.88,11204
2025-03-31,EXPRESS_MLB_1,DINERO_EXPRESS,G,62,0.246,0.00289,1.0,3960
2025-03-31,POINT_MLB_STD,MERCHANT,E,23,0.2,0.00235,9.22,8680
2025-03-31,POINT_MLB_STD,MERCHANT,D,66,0.195,0.0023,13.2,2960
2025-03-31,EXPRESS_MA_MLB,DINERO_EXPRESS,B,107,0.132,0.00156,1.0,1234
2025-03-31,POINT_MLB_STD,MERCHANT,A,16,0.119,0.00141,12.19,7464
2025-03-31,POINT_MLB_1,MERCHANT,C,73,0.112,0.00132,5.26,1533
2025-03-31,EXPRESS_MLB_1,DINERO_EXPRESS,H,14,0.11,0.0013,1.0,7866
2025-03-31,EXPRESS_POINT_MLB_1,DINERO_EXPRESS,H,49,0.074,0.00087,1.0,1506
2025-03-31,EXPRESS_POINT_MLB_1,DINERO_EXPRESS,Z,53,0.073,0.00086,1.0,1382
2025-03-31,MLB_EO_ONLINE,MERCHANT,C,60,0.06,0.00071,5.37,1004
2025-03-31,MLB_EO_ONLINE,MERCHANT,E,15,0.036,0.00042,6.2,2399
2025-03-31,EXPRESS_MA_MLB,DINERO_EXPRESS,E,31,0.034,0.0004,1.0,1096
2025-03-31,EXPRESS_MA_MLB,DINERO_EXPRESS,D,31,0.031,0.00036,1.0,994
2025-03-31,EXPRESS_MLB_1,DINERO_EXPRESS,Z,9,0.03,0.00035,1.0,3301
2025-03-31,BABY_EXPRESS_POINT_MLB_1,DINERO_EXPRESS,C,56,0.025,0.00029,1.0,441
2025-03-31,EXPRESS_MA_MLB,DINERO_EXPRESS,C,17,0.018,0.00021,1.0,1033
2025-03-31,EXPRESS_MA_MLB,DINERO_EXPRESS,F,9,0.012,0.00014,1.0,1362
2025-03-31,EXPRESS_MA_MLB,DINERO_EXPRESS,A,8,0.008,0.00009,1.0,990
2025-03-31,BABY_EXPRESS_POINT_MLB_1,DINERO_EXPRESS,B,14,0.006,0.00007,1.0,396
2025-03-31,EXPRESS_MA_MLB,DINERO_EXPRESS,G,4,0.006,0.00007,1.0,1380
2025-03-31,BABY_EXPRESS_POINT_MLB_1,DINERO_EXPRESS,E,9,0.004,0.00004,1.0,422
2025-03-31,BABY_EXPRESS_POINT_MLB_1,DINERO_EXPRESS,G,8,0.004,0.00004,1.0,438
2025-03-31,BABY_EXPRESS_POINT_MLB_1,DINERO_EXPRESS,D,6,0.002,0.00003,1.0,367
2025-03-31,BABY_EXPRESS_POINT_MLB_1,DINERO_EXPRESS,F,3,0.001,0.00002,1.0,458
2025-03-31,BABY_EXPRESS_POINT_MLB_1,DINERO_EXPRESS,H,1,0,0,1.0,400
2025-04-30,EXPRESS_MLB_1,DINERO_EXPRESS,A,862,12.408,0.22944,1.0,14394
2025-04-30,EXPRESS_POINT_MLB_1,DINERO_EXPRESS,B,4295,8.064,0.14912,1.0,1877
2025-04-30,EXPRESS_POINT_MLB_1,DINERO_EXPRESS,A,1696,3.36,0.06213,1.0,1981
2025-04-30,EXPRESS_POINT_MLB_1,DINERO_EXPRESS,E,1873,3.351,0.06196,1.0,1789
2025-04-30,EXPRESS_POINT_MLB_1,DINERO_EXPRESS,C,1422,3.209,0.05934,1.0,2257
2025-04-30,EXPRESS_MLB_1,DINERO_EXPRESS,B,595,2.883,0.05331,1.0,4845
2025-04-30,EXPRESS_POINT_MLB_1,DINERO_EXPRESS,D,1354,2.669,0.04936,1.0,1971
2025-04-30,MER_MLB_1,MERCHANT,B,70,2.107,0.03896,11.34,30096
2025-04-30,MER_MLB_MA,MERCHANT,B,385,1.674,0.03095,8.16,4347
2025-04-30,EXPRESS_MLB_1,DINERO_EXPRESS,E,270,1.649,0.0305,1.0,6108
2025-04-30,POINT_MLB_1,MERCHANT,G,484,1.644,0.03041,8.68,3398
2025-04-30,EXPRESS_POINT_MLB_1,DINERO_EXPRESS,F,721,1.196,0.02212,1.0,1659
2025-04-30,EXPRESS_MLB_1,DINERO_EXPRESS,D,196,1.139,0.02106,1.0,5811
2025-04-30,POINT_MLB_STD,MERCHANT,G,305,0.932,0.01724,7.28,3056
2025-04-30,EXPRESS_POINT_MLB_1,DINERO_EXPRESS,G,650,0.918,0.01698,1.0,1413
2025-04-30,EXPRESS_MLB_1,DINERO_EXPRESS,C,175,0.902,0.01668,1.0,5154
2025-04-30,MLB_EO_ONLINE,MERCHANT,G,108,0.805,0.01489,7.67,7454
2025-04-30,POINT_MLB_STD,MERCHANT,B,135,0.627,0.01159,12.01,4642
2025-04-30,MER_MLB_MA,MERCHANT,G,339,0.569,0.01052,5.97,1678
2025-04-30,MER_MLB_1,MERCHANT,G,67,0.454,0.0084,8.3,6777
2025-04-30,POINT_MLB_1,MERCHANT,C,86,0.286,0.0053,9.6,3331
2025-04-30,MLB_EO_ONLINE,MERCHANT,B,127,0.285,0.00528,6.61,2247
2025-04-30,POINT_MLB_1,MERCHANT,B,97,0.272,0.00503,8.7,2806
2025-04-30,MER_MLB_MA,MERCHANT,E,73,0.228,0.00421,7.64,3117
2025-04-30,EXPRESS_MLB_1,DINERO_EXPRESS,F,90,0.22,0.00406,1.0,2440
2025-04-30,MER_MLB_1,MERCHANT,E,10,0.217,0.00401,8.9,21705
2025-04-30,MER_MLB_1,MERCHANT,A,7,0.203,0.00375,13.0,29000
2025-04-30,MER_MLB_1,MERCHANT,D,8,0.197,0.00364,11.0,24579
2025-04-30,MER_MLB_MA,MERCHANT,F,87,0.186,0.00345,6.98,2142
2025-04-30,EXPRESS_MLB_1,DINERO_EXPRESS,G,71,0.166,0.00308,1.0,2343
2025-04-30,EXPRESS_MA_MLB,DINERO_EXPRESS,B,134,0.149,0.00276,1.0,1113
2025-04-30,POINT_MLB_1,MERCHANT,F,46,0.133,0.00246,8.54,2888
2025-04-30,POINT_MLB_STD,MERCHANT,A,15,0.118,0.00218,8.8,7845
2025-04-30,POINT_MLB_STD,MERCHANT,E,16,0.097,0.00179,9.13,6063
2025-04-30,MLB_EO_ONLINE,MERCHANT,F,18,0.091,0.00169,8.61,5071
2025-04-30,POINT_MLB_STD,MERCHANT,F,41,0.085,0.00157,7.1,2067
2025-04-30,MLB_EO_ONLINE,MERCHANT,C,42,0.08,0.00148,9.76,1908
2025-04-30,MER_MLB_1,MERCHANT,F,4,0.078,0.00144,9.25,19413
2025-04-30,EXPRESS_POINT_MLB_1,DINERO_EXPRESS,Z,48,0.069,0.00127,1.0,1435
2025-04-30,EXPRESS_POINT_MLB_1,DINERO_EXPRESS,H,43,0.068,0.00125,1.0,1578
2025-04-30,EXPRESS_MA_MLB,DINERO_EXPRESS,E,32,0.043,0.00079,1.0,1331
2025-04-30,BABY_EXPRESS_POINT_MLB_1,DINERO_EXPRESS,C,76,0.035,0.00066,1.0,467
2025-04-30,POINT_MLB_STD,MERCHANT,D,16,0.032,0.00059,7.13,1991
2025-04-30,MLB_EO_ONLINE,MERCHANT,D,6,0.029,0.00054,10.0,4841
2025-04-30,EXPRESS_MLB_1,DINERO_EXPRESS,H,10,0.025,0.00047,1.0,2524
2025-04-30,EXPRESS_MLB_1,DINERO_EXPRESS,Z,12,0.023,0.00043,1.0,1952
2025-04-30,POINT_MLB_1,MERCHANT,E,14,0.021,0.00039,7.43,1503
2025-04-30,EXPRESS_MA_MLB,DINERO_EXPRESS,D,22,0.016,0.00029,1.0,715
2025-04-30,EXPRESS_MA_MLB,DINERO_EXPRESS,F,11,0.014,0.00026,1.0,1300
2025-04-30,MLB_EO_ONLINE,MERCHANT,E,6,0.013,0.00024,6.0,2183
2025-04-30,EXPRESS_MA_MLB,DINERO_EXPRESS,G,7,0.01,0.00018,1.0,1429
2025-04-30,BABY_EXPRESS_POINT_MLB_1,DINERO_EXPRESS,B,13,0.006,0.0001,1.0,427
2025-04-30,EXPRESS_MA_MLB,DINERO_EXPRESS,A,6,0.005,0.00009,1.0,827
2025-04-30,BABY_EXPRESS_POINT_MLB_1,DINERO_EXPRESS,D,9,0.004,0.00007,1.0,431
2025-04-30,EXPRESS_MA_MLB,DINERO_EXPRESS,C,4,0.003,0.00006,1.0,760
2025-04-30,BABY_EXPRESS_POINT_MLB_1,DINERO_EXPRESS,F,7,0.003,0.00005,1.0,361
2025-04-30,BABY_EXPRESS_POINT_MLB_1,DINERO_EXPRESS,G,5,0.002,0.00004,1.0,440
2025-04-30,BABY_EXPRESS_POINT_MLB_1,DINERO_EXPRESS,A,5,0.002,0.00004,1.0,400
2025-04-30,BABY_EXPRESS_POINT_MLB_1,DINERO_EXPRESS,E,4,0.002,0.00003,1.0,400
2025-04-30,EXPRESS_MA_MLB,DINERO_EXPRESS,H,1,0.001,0.00002,1.0,1000
2025-04-30,BABY_EXPRESS_POINT_MLB_1,DINERO_EXPRESS,H,2,0.001,0.00001,1.0,400
2025-04-30,EXPRESS_MA_MLB,DINERO_EXPRESS,Z,1,0.001,0.00001,1.0,555
2025-05-31,EXPRESS_MLB_1,DINERO_EXPRESS,A,956,11.477,0.15998,1.0,12005
2025-05-31,EXPRESS_POINT_MLB_1,DINERO_EXPRESS,B,3978,7.452,0.10387,1.0,1873
2025-05-31,MER_MLB_1,MERCHANT,B,112,5.312,0.07404,13.84,47424
2025-05-31,EXPRESS_POINT_MLB_1,DINERO_EXPRESS,E,2541,5.039,0.07025,1.0,1983
2025-05-31,EXPRESS_MLB_1,DINERO_EXPRESS,B,1101,4.048,0.05643,1.0,3677
2025-05-31,EXPRESS_POINT_MLB_1,DINERO_EXPRESS,D,1535,3.112,0.04338,1.0,2027
2025-05-31,EXPRESS_POINT_MLB_1,DINERO_EXPRESS,A,1374,2.787,0.03886,1.0,2029
2025-05-31,EXPRESS_POINT_MLB_1,DINERO_EXPRESS,C,1115,2.682,0.03738,1.0,2405
2025-05-31,MER_MLB_MA,MERCHANT,B,624,2.507,0.03495,9.26,4018
2025-05-31,EXPRESS_POINT_MLB_1,DINERO_EXPRESS,F,1183,2.231,0.03109,1.0,1886
2025-05-31,EXPRESS_MLB_1,DINERO_EXPRESS,E,1120,2.007,0.02797,1.0,1792
2025-05-31,EXPRESS_MA_MLB,DINERO_EXPRESS,E,2183,1.62,0.02258,1.0,742
2025-05-31,EXPRESS_MA_MLB,DINERO_EXPRESS,F,2218,1.521,0.0212,1.0,686
2025-05-31,MLB_EO_ONLINE,MERCHANT,G,522,1.475,0.02056,7.21,2826
2025-05-31,EXPRESS_MLB_1,DINERO_EXPRESS,D,629,1.471,0.0205,1.0,2338
2025-05-31,POINT_MLB_1,MERCHANT,G,454,1.384,0.01929,7.93,3048
2025-05-31,EXPRESS_MLB_1,DINERO_EXPRESS,C,235,1.243,0.01732,1.0,5289
2025-05-31,MER_MLB_MA,MERCHANT,G,862,1.223,0.01704,6.51,1419
2025-05-31,EXPRESS_POINT_MLB_1,DINERO_EXPRESS,G,699,0.955,0.01332,1.0,1367
2025-05-31,POINT_MLB_STD,MERCHANT,B,198,0.931,0.01297,13.55,4701
2025-05-31,EXPRESS_MLB_1,DINERO_EXPRESS,F,472,0.88,0.01227,1.0,1865
2025-05-31,MER_MLB_1,MERCHANT,A,23,0.875,0.0122,14.39,38055
2025-05-31,MER_MLB_1,MERCHANT,D,51,0.848,0.01182,13.27,16624
2025-05-31,MER_MLB_MA,MERCHANT,F,402,0.835,0.01164,8.96,2078
2025-05-31,MER_MLB_MA,MERCHANT,E,355,0.763,0.01064,9.05,2150
2025-05-31,POINT_MLB_1,MERCHANT,B,233,0.668,0.00931,9.59,2865
2025-05-31,MLB_EO_ONLINE,MERCHANT,B,265,0.597,0.00833,8.2,2255
2025-05-31,POINT_MLB_STD,MERCHANT,G,185,0.53,0.00739,7.18,2867
2025-05-31,EXPRESS_MA_MLB,DINERO_EXPRESS,B,621,0.468,0.00652,1.0,753
2025-05-31,EXPRESS_MLB_1,DINERO_EXPRESS,G,269,0.432,0.00602,1.0,1604
2025-05-31,MER_MLB_1,MERCHANT,F,26,0.407,0.00567,9.5,15648
2025-05-31,MLB_EO_ONLINE,MERCHANT,D,113,0.385,0.00537,10.88,3411
2025-05-31,EXPRESS_MA_MLB,DINERO_EXPRESS,D,452,0.354,0.00493,1.0,783
2025-05-31,MER_MLB_1,MERCHANT,E,63,0.349,0.00486,10.49,5534
2025-05-31,EXPRESS_MA_MLB,DINERO_EXPRESS,G,412,0.323,0.00451,1.0,785
2025-05-31,MER_MLB_1,MERCHANT,G,104,0.31,0.00433,8.11,2986
2025-05-31,MLB_EO_ONLINE,MERCHANT,F,96,0.305,0.00425,10.67,3176
2025-05-31,POINT_MLB_STD,MERCHANT,A,29,0.28,0.00391,13.59,9669
2025-05-31,POINT_MLB_STD,MERCHANT,F,71,0.279,0.00389,8.99,3933
2025-05-31,POINT_MLB_1,MERCHANT,F,67,0.279,0.00389,10.13,4161
2025-05-31,POINT_MLB_1,MERCHANT,E,70,0.211,0.00294,10.1,3011
2025-05-31,POINT_MLB_STD,MERCHANT,D,44,0.183,0.00255,12.2,4162
2025-05-31,MLB_EO_ONLINE,MERCHANT,E,44,0.085,0.00119,5.89,1936
2025-05-31,POINT_MLB_1,MERCHANT,C,14,0.081,0.00114,9.57,5818
2025-05-31,EXPRESS_MA_MLB,DINERO_EXPRESS,C,92,0.076,0.00106,1.0,830
2025-05-31,POINT_MLB_STD,MERCHANT,E,15,0.07,0.00098,7.4,4680
2025-05-31,EXPRESS_POINT_MLB_1,DINERO_EXPRESS,H,41,0.061,0.00085,1.0,1485
2025-05-31,EXPRESS_POINT_MLB_1,DINERO_EXPRESS,Z,39,0.048,0.00067,1.0,1241
2025-05-31,EXPRESS_MA_MLB,DINERO_EXPRESS,A,62,0.045,0.00063,1.0,733
2025-05-31,EXPRESS_MLB_1,DINERO_EXPRESS,Z,46,0.038,0.00053,1.0,834
2025-05-31,EXPRESS_MLB_1,DINERO_EXPRESS,H,30,0.037,0.00051,1.0,1220
2025-05-31,BABY_EXPRESS_POINT_MLB_1,DINERO_EXPRESS,C,73,0.033,0.00046,1.0,455
2025-05-31,MLB_EO_ONLINE,MERCHANT,C,6,0.032,0.00045,8.67,5334
2025-05-31,BABY_EXPRESS_POINT_MLB_1,DINERO_EXPRESS,E,54,0.021,0.0003,1.0,397
2025-05-31,BABY_EXPRESS_POINT_MLB_1,DINERO_EXPRESS,F,44,0.019,0.00026,1.0,423
2025-05-31,EXPRESS_MA_MLB,DINERO_EXPRESS,H,17,0.013,0.00018,1.0,780
2025-05-31,BABY_EXPRESS_POINT_MLB_1,DINERO_EXPRESS,B,29,0.012,0.00017,1.0,430
2025-05-31,BABY_EXPRESS_POINT_MLB_1,DINERO_EXPRESS,D,25,0.01,0.00014,1.0,410
2025-05-31,EXPRESS_MA_MLB,DINERO_EXPRESS,Z,12,0.01,0.00014,1.0,814
2025-05-31,BABY_EXPRESS_POINT_MLB_1,DINERO_EXPRESS,G,14,0.006,0.00008,1.0,398
2025-05-31,BABY_EXPRESS_POINT_MLB_1,DINERO_EXPRESS,H,6,0.002,0.00003,1.0,400
2025-05-31,BABY_EXPRESS_POINT_MLB_1,DINERO_EXPRESS,A,1,0.001,0.00001,1.0,670
2025-06-30,MER_MLB_1,MERCHANT,B,206,8.557,0.09544,15.85,41540
2025-06-30,MER_MLB_MA,MERCHANT,B,1945,6.504,0.07254,10.48,3344
2025-06-30,POINT_MLB_1,MERCHANT,G,2348,5.097,0.05685,8.98,2171
2025-06-30,EXPRESS_POINT_MLB_1,DINERO_EXPRESS,B,3116,4.676,0.05216,1.0,1501
2025-06-30,EXPRESS_POINT_MLB_1,DINERO_EXPRESS,E,2937,4.395,0.04902,1.0,1496
2025-06-30,POINT_MLB_1,MERCHANT,B,1684,4.309,0.04806,9.37,2559
2025-06-30,EXPRESS_MLB_1,DINERO_EXPRESS,E,1318,2.843,0.03171,1.0,2157
2025-06-30,MLB_EO_ONLINE,MERCHANT,G,777,2.666,0.02973,7.37,3431
2025-06-30,EXPRESS_MLB_1,DINERO_EXPRESS,B,1041,2.446,0.02728,1.0,2350
2025-06-30,POINT_MLB_1,MERCHANT,F,704,2.435,0.02716,10.38,3459
2025-06-30,EXPRESS_POINT_MLB_1,DINERO_EXPRESS,D,1486,2.387,0.02663,1.0,1607
2025-06-30,POINT_MLB_STD,MERCHANT,B,443,2.221,0.02477,15.13,5013
2025-06-30,EXPRESS_MA_MLB,DINERO_EXPRESS,E,2855,2.206,0.02461,1.0,773
2025-06-30,MER_MLB_MA,MERCHANT,G,1492,2.204,0.02459,7.16,1477
2025-06-30,MLB_EO_ONLINE,MERCHANT,B,637,2.111,0.02355,9.4,3314
2025-06-30,POINT_MLB_STD,MERCHANT,G,676,1.983,0.02212,8.41,2933
2025-06-30,EXPRESS_MA_MLB,DINERO_EXPRESS,F,2672,1.929,0.02152,1.0,722
2025-06-30,MER_MLB_MA,MERCHANT,F,908,1.873,0.02089,8.58,2063
2025-06-30,EXPRESS_POINT_MLB_1,DINERO_EXPRESS,C,836,1.753,0.01956,1.0,2097
2025-06-30,EXPRESS_POINT_MLB_1,DINERO_EXPRESS,F,1140,1.696,0.01891,1.0,1487
2025-06-30,MER_MLB_MA,MERCHANT,E,758,1.694,0.0189,8.82,2235
2025-06-30,POINT_MLB_1,MERCHANT,E,587,1.617,0.01803,8.88,2754
2025-06-30,POINT_MLB_1,MERCHANT,C,598,1.534,0.01711,11.15,2566
2025-06-30,EXPRESS_MLB_1,DINERO_EXPRESS,D,661,1.351,0.01507,1.0,2044
2025-06-30,MER_MLB_1,MERCHANT,D,42,1.275,0.01422,12.5,30360
2025-06-30,POINT_MLB_STD,MERCHANT,H,465,1.165,0.01299,8.23,2505
2025-06-30,POINT_MLB_STD,MERCHANT,F,374,1.144,0.01276,8.99,3059
2025-06-30,EXPRESS_MLB_1,DINERO_EXPRESS,F,643,1.119,0.01248,1.0,1740
2025-06-30,EXPRESS_MLB_1,DINERO_EXPRESS,A,321,1.037,0.01157,1.0,3231
2025-06-30,POINT_MLB_1,MERCHANT,H,727,1.03,0.01149,5.71,1417
2025-06-30,MER_MLB_1,MERCHANT,F,34,0.923,0.01029,9.85,27146
2025-06-30,EXPRESS_POINT_MLB_1,DINERO_EXPRESS,G,739,0.899,0.01002,1.0,1216
2025-06-30,MER_MLB_1,MERCHANT,G,121,0.862,0.00961,8.97,7120
2025-06-30,EXPRESS_MA_MLB,DINERO_EXPRESS,B,914,0.717,0.008,1.0,785
2025-06-30,MLB_EO_ONLINE,MERCHANT,F,208,0.694,0.00774,10.42,3335
2025-06-30,MER_MLB_1,MERCHANT,A,33,0.69,0.0077,18.73,20907
2025-06-30,EXPRESS_POINT_MLB_1,DINERO_EXPRESS,A,518,0.606,0.00676,1.0,1169
2025-06-30,MER_MLB_1,MERCHANT,E,48,0.564,0.0063,9.27,11759
2025-06-30,MER_MLB_MA,MERCHANT,H,517,0.546,0.00609,4.95,1057
2025-06-30,EXPRESS_MLB_1,DINERO_EXPRESS,C,161,0.538,0.006,1.0,3344
2025-06-30,POINT_MLB_STD,MERCHANT,D,143,0.528,0.00589,9.48,3691
2025-06-30,POINT_MLB_STD,MERCHANT,A,52,0.515,0.00574,14.81,9896
2025-06-30,EXPRESS_MA_MLB,DINERO_EXPRESS,G,555,0.505,0.00563,1.0,909
2025-06-30,MLB_EO_ONLINE,MERCHANT,H,299,0.497,0.00555,5.47,1663
2025-06-30,EXPRESS_MLB_1,DINERO_EXPRESS,G,337,0.491,0.00547,1.0,1457
2025-06-30,POINT_MLB_STD,MERCHANT,E,72,0.48,0.00536,8.04,6671
2025-06-30,EXPRESS_MA_MLB,DINERO_EXPRESS,D,585,0.455,0.00507,1.0,777
2025-06-30,MLB_EO_ONLINE,MERCHANT,C,163,0.387,0.00431,11.37,2372
2025-06-30,MLB_EO_ONLINE,MERCHANT,D,93,0.335,0.00374,10.82,3603
2025-06-30,MER_MLB_1,MERCHANT,H,72,0.29,0.00323,9.11,4024
2025-06-30,MLB_EO_ONLINE,MERCHANT,E,70,0.182,0.00203,6.04,2599
2025-06-30,EXPRESS_MLB_1,DINERO_EXPRESS,Z,39,0.172,0.00191,1.0,4401
2025-06-30,EXPRESS_MA_MLB,DINERO_EXPRESS,C,132,0.102,0.00114,1.0,773
2025-06-30,BABY_EXPRESS_POINT_MLB_1,DINERO_EXPRESS,F,157,0.065,0.00072,1.0,413
2025-06-30,BABY_EXPRESS_POINT_MLB_1,DINERO_EXPRESS,C,133,0.057,0.00063,1.0,427
2025-06-30,BABY_EXPRESS_POINT_MLB_1,DINERO_EXPRESS,E,136,0.056,0.00063,1.0,414
2025-06-30,EXPRESS_MA_MLB,DINERO_EXPRESS,A,70,0.051,0.00057,1.0,726
2025-06-30,EXPRESS_POINT_MLB_1,DINERO_EXPRESS,H,51,0.042,0.00046,1.0,816
2025-06-30,EXPRESS_POINT_MLB_1,DINERO_EXPRESS,Z,57,0.034,0.00038,1.0,596
2025-06-30,EXPRESS_MLB_1,DINERO_EXPRESS,H,31,0.025,0.00028,1.0,813
2025-06-30,BABY_EXPRESS_POINT_MLB_1,DINERO_EXPRESS,G,45,0.019,0.00021,1.0,416
2025-06-30,EXPRESS_MA_MLB,DINERO_EXPRESS,H,15,0.018,0.0002,1.0,1209
2025-06-30,EXPRESS_MA_MLB,DINERO_EXPRESS,Z,17,0.017,0.00019,1.0,1005
2025-06-30,MER_MLB_MA,MERCHANT,C,4,0.013,0.00015,8.25,3364
2025-06-30,BABY_EXPRESS_POINT_MLB_1,DINERO_EXPRESS,B,24,0.01,0.00011,1.0,429
2025-06-30,BABY_EXPRESS_POINT_MLB_1,DINERO_EXPRESS,D,25,0.01,0.00011,1.0,391
2025-06-30,BABY_EXPRESS_POINT_MLB_1,DINERO_EXPRESS,Z,6,0.003,0.00003,1.0,433
2025-06-30,MER_MLB_MA,MERCHANT,D,1,0.002,0.00002,12.0,2000
2025-06-30,BABY_EXPRESS_POINT_MLB_1,DINERO_EXPRESS,H,4,0.001,0.00002,1.0,368
2025-06-30,BABY_EXPRESS_POINT_MLB_1,DINERO_EXPRESS,A,2,0.001,0.00001,1.0,400
2025-07-31,EXPRESS_POINT_MLB_1,DINERO_EXPRESS,E,5267,7.941,0.13653,1.0,1508
2025-07-31,EXPRESS_MA_MLB,DINERO_EXPRESS,E,5308,4.565,0.0785,1.0,860
2025-07-31,EXPRESS_MA_MLB,DINERO_EXPRESS,F,4747,3.441,0.05917,1.0,725
2025-07-31,EXPRESS_POINT_MLB_1,DINERO_EXPRESS,F,2488,3.317,0.05704,1.0,1333
2025-07-31,EXPRESS_MLB_1,DINERO_EXPRESS,E,1013,3.238,0.05567,1.0,3196
2025-07-31,EXPRESS_POINT_MLB_1,DINERO_EXPRESS,B,1688,2.841,0.04885,1.0,1683
2025-07-31,POINT_MLB_1,MERCHANT,G,1425,2.572,0.04422,7.63,1805
2025-07-31,MER_MLB_1,MERCHANT,B,33,2.23,0.03835,16.61,67587
2025-07-31,EXPRESS_POINT_MLB_1,DINERO_EXPRESS,D,1363,2.172,0.03735,1.0,1594
2025-07-31,MER_MLB_MA,MERCHANT,G,1969,2.1,0.0361,6.26,1066
2025-07-31,MER_MLB_MA,MERCHANT,H,1458,1.523,0.02618,5.62,1044
2025-07-31,POINT_MLB_STD,MERCHANT,G,602,1.467,0.02522,7.8,2437
2025-07-31,EXPRESS_MA_MLB,DINERO_EXPRESS,G,1233,1.167,0.02007,1.0,947
2025-07-31,MER_MLB_MA,MERCHANT,F,716,1.148,0.01973,8.14,1603
2025-07-31,POINT_MLB_1,MERCHANT,F,412,1.081,0.01858,10.09,2623
2025-07-31,MER_MLB_MA,MERCHANT,E,706,1.036,0.01782,9.58,1468
2025-07-31,EXPRESS_MLB_1,DINERO_EXPRESS,F,529,0.982,0.01689,1.0,1857
2025-07-31,EXPRESS_POINT_MLB_1,DINERO_EXPRESS,G,1064,0.968,0.01664,1.0,909
2025-07-31,MLB_EO_ONLINE,MERCHANT,F,180,0.959,0.0165,10.74,5330
2025-07-31,EXPRESS_MLB_1,DINERO_EXPRESS,B,298,0.86,0.01479,1.0,2886
2025-07-31,MLB_EO_ONLINE,MERCHANT,G,335,0.806,0.01386,7.15,2406
2025-07-31,POINT_MLB_1,MERCHANT,B,282,0.745,0.01281,8.35,2642
2025-07-31,EXPRESS_MA_MLB,DINERO_EXPRESS,B,1022,0.719,0.01236,1.0,703
2025-07-31,MER_MLB_1,MERCHANT,E,29,0.713,0.01226,9.21,24586
2025-07-31,MER_MLB_1,MERCHANT,G,91,0.704,0.0121,7.63,7732
2025-07-31,MER_MLB_MA,MERCHANT,B,286,0.687,0.01181,9.39,2402
2025-07-31,POINT_MLB_1,MERCHANT,E,197,0.651,0.01119,9.38,3304
2025-07-31,EXPRESS_MA_MLB,DINERO_EXPRESS,D,839,0.65,0.01118,1.0,775
2025-07-31,MER_MLB_1,MERCHANT,F,27,0.552,0.0095,10.93,20459
2025-07-31,EXPRESS_MLB_1,DINERO_EXPRESS,D,267,0.547,0.00941,1.0,2049
2025-07-31,POINT_MLB_STD,MERCHANT,B,123,0.537,0.00924,10.83,4370
2025-07-31,POINT_MLB_1,MERCHANT,C,239,0.527,0.00907,10.79,2207
2025-07-31,POINT_MLB_STD,MERCHANT,F,158,0.524,0.00902,9.23,3319
2025-07-31,EXPRESS_MLB_1,DINERO_EXPRESS,G,243,0.438,0.00753,1.0,1803
2025-07-31,MER_MLB_1,MERCHANT,D,32,0.424,0.00729,13.88,13256
2025-07-31,POINT_MLB_STD,MERCHANT,D,85,0.332,0.0057,10.81,3902
2025-07-31,POINT_MLB_STD,MERCHANT,E,64,0.274,0.00471,7.92,4279
2025-07-31,POINT_MLB_STD,MERCHANT,H,151,0.273,0.00469,6.06,1805
2025-07-31,MLB_EO_ONLINE,MERCHANT,B,67,0.229,0.00393,8.31,3410
2025-07-31,MER_MLB_MA,MERCHANT,C,102,0.217,0.00373,8.79,2125
2025-07-31,MER_MLB_MA,MERCHANT,D,120,0.208,0.00358,9.95,1737
2025-07-31,MLB_EO_ONLINE,MERCHANT,D,33,0.206,0.00353,10.03,6229
2025-07-31,POINT_MLB_1,MERCHANT,H,279,0.196,0.00336,4.77,701
2025-07-31,MER_MLB_1,MERCHANT,A,13,0.194,0.00334,14.69,14931
2025-07-31,POINT_MLB_STD,MERCHANT,A,18,0.174,0.00299,17.0,9672
2025-07-31,EXPRESS_POINT_MLB_1,DINERO_EXPRESS,C,117,0.16,0.00275,1.0,1366
2025-07-31,EXPRESS_MA_MLB,DINERO_EXPRESS,C,192,0.117,0.00201,1.0,608
2025-07-31,MLB_EO_ONLINE,MERCHANT,H,72,0.116,0.00199,5.46,1611
2025-07-31,BABY_EXPRESS_POINT_MLB_1,DINERO_EXPRESS,E,303,0.092,0.00159,1.0,304
2025-07-31,MLB_EO_ONLINE,MERCHANT,C,44,0.091,0.00157,11.07,2075
2025-07-31,MLB_EO_ONLINE,MERCHANT,E,30,0.072,0.00123,8.23,2384
2025-07-31,MER_MLB_1,MERCHANT,H,27,0.066,0.00114,7.0,2459
2025-07-31,BABY_EXPRESS_POINT_MLB_1,DINERO_EXPRESS,F,209,0.059,0.00101,1.0,282
2025-07-31,EXPRESS_MA_MLB,DINERO_EXPRESS,A,90,0.049,0.00083,1.0,539
2025-07-31,EXPRESS_POINT_MLB_1,DINERO_EXPRESS,A,40,0.047,0.00081,1.0,1179
2025-07-31,EXPRESS_POINT_MLB_1,DINERO_EXPRESS,H,51,0.041,0.00071,1.0,813
2025-07-31,BABY_EXPRESS_POINT_MLB_1,DINERO_EXPRESS,G,87,0.02,0.00034,1.0,227
2025-07-31,EXPRESS_MA_MLB,DINERO_EXPRESS,H,21,0.016,0.00027,1.0,743
2025-07-31,EXPRESS_MA_MLB,DINERO_EXPRESS,Z,16,0.014,0.00024,1.0,888
2025-07-31,EXPRESS_MLB_1,DINERO_EXPRESS,C,17,0.011,0.00019,1.0,634
2025-07-31,BABY_EXPRESS_POINT_MLB_1,DINERO_EXPRESS,D,46,0.01,0.00017,1.0,221
2025-07-31,EXPRESS_MLB_1,DINERO_EXPRESS,H,12,0.01,0.00017,1.0,828
2025-07-31,EXPRESS_MLB_1,DINERO_EXPRESS,A,14,0.01,0.00017,1.0,693
2025-07-31,EXPRESS_POINT_MLB_1,DINERO_EXPRESS,Z,13,0.007,0.00013,1.0,576
2025-07-31,EXPRESS_MLB_1,DINERO_EXPRESS,Z,10,0.004,0.00007,1.0,421
2025-07-31,BABY_EXPRESS_POINT_MLB_1,DINERO_EXPRESS,C,19,0.004,0.00006,1.0,188
2025-07-31,BABY_EXPRESS_POINT_MLB_1,DINERO_EXPRESS,Z,14,0.003,0.00004,1.0,180
2025-07-31,BABY_EXPRESS_POINT_MLB_1,DINERO_EXPRESS,H,9,0.003,0.00004,1.0,278
2025-07-31,MLB_EO_ONLINE,MERCHANT,A,2,0.002,0.00004,12.0,1050
2025-07-31,BABY_EXPRESS_POINT_MLB_1,DINERO_EXPRESS,B,5,0.001,0.00002,1.0,260
